,ORF,Gene,RLS_Del_alpha,N,BY4742,N.1,p.value,RLS_Del_a,N.2,BY4741,N.3,p.value.1,RLS_Del.pooled,N.4,Pooled,N.5,p.value.2
1,YMR056C,AAC1,25.3,-105,23.9,-135,0.22,28.7,-100,26.8,-120,0.13,26.9,-205,25.3,-255,2.70E-02
2,YCR107W,AAD3,27.4,-20,23.8,-20,0.37,0,0,0,0,0,27.4,-20,23.8,-20,3.70E-01
3,YHR047C,AAP1,15.8,-5,22.4,-5,0.19,0,0,0,0,0,15.8,-5,22.4,-5,1.90E-01
4,YAL054C,ACS1,24.5,-10,26.1,-10,0.57,0,0,0,0,0,24.5,-10,26.1,-10,5.70E-01
5,YGR061C,ADE6,25.7,-25,28.4,-25,0.4,0,0,0,0,0,25.7,-25,28.4,-25,4.00E-01
6,YER170W,ADK2,23.4,-10,22.7,-10,0.65,0,0,0,0,0,23.4,-10,22.7,-10,6.50E-01
7,YDR085C,AFR1,23.4,-10,29.6,-10,0.081,0,0,0,0,0,23.4,-10,29.6,-10,8.10E-02
8,YHR093W,AHT1,28.4,-15,25,-25,0.54,0,0,0,0,0,28.4,-15,25,-25,5.40E-01
9,YDR264C,AKR1,14.7,-25,25.8,-25,9.5e-06,0,0,0,0,0,14.7,-25,25.8,-25,9.50E-06
10,YMR169C,ALD3,29.4,-10,30,-10,0.91,0,0,0,0,0,29.4,-10,30,-10,9.10E-01
11,YDR111C,ALT2,19.7,-10,29.6,-10,0.082,0,0,0,0,0,19.7,-10,29.6,-10,8.20E-02
12,YDR242W,AMD2,23.8,-30,25.4,-30,0.28,0,0,0,0,0,23.8,-30,25.4,-30,2.80E-01
13,YBR231C,AOR1,15.9,-10,29.6,-10,0.0017,0,0,0,0,0,15.9,-10,29.6,-10,1.70E-03
14,YHR018C,ARG4,29,-25,26.3,-25,0.54,0,0,0,0,0,29,-25,26.3,-25,5.40E-01
15,YBR249C,ARO4,26.5,-15,28.5,-15,0.97,0,0,0,0,0,26.5,-15,28.5,-15,9.70E-01
16,YHR137W,ARO9,20,-5,22.4,-5,0.84,0,0,0,0,0,20,-5,22.4,-5,8.40E-01
17,YHR129C,ARP1,15.7,-20,24.5,-25,0.0033,0,0,0,0,0,15.7,-20,24.5,-25,3.30E-03
18,YDR101C,ARX1,24.4,-25,24.5,-35,0.76,0,0,0,0,0,24.4,-25,24.5,-35,7.60E-01
19,YGR097W,ASK10,23.7,-10,29.3,-10,0.31,0,0,0,0,0,23.7,-10,29.3,-10,3.10E-01
20,YDR321W,ASP1,31.5,-20,26.9,-35,0.35,0,0,0,0,0,31.5,-20,26.9,-35,3.50E-01
21,YLR423C,ATG17,18.4,-5,28.8,-5,0.29,0,0,0,0,0,18.4,-5,28.8,-5,2.90E-01
22,YCL038C,ATG22,25.7,-10,28.5,-10,0.65,0,0,0,0,0,25.7,-10,28.5,-10,6.50E-01
23,YLR431C,ATG23,25.4,-20,26.9,-30,0.34,0,0,0,0,0,25.4,-20,26.9,-30,3.40E-01
24,YML081CA,ATP18,15.5,-14,24.5,-45,0.0011,0,0,0,0,0,15.5,-14,24.5,-45,1.10E-03
25,YDR298C,ATP5,23.4,-25,25.8,-25,0.26,0,0,0,0,0,23.4,-25,25.8,-25,2.60E-01
26,YOR113W,AZF1,28,-45,26,-45,0.33,0,0,0,0,0,28,-45,26,-45,3.30E-01
27,YOR134W,BAG7,30.3,-20,25.4,-65,0.16,22.9,-20,22.1,-20,0.64,26.6,-40,24.6,-85,5.70E-01
28,YKR099W,BAS1,35.6,-30,26.9,-30,0.0017,23.1,-40,25.3,-60,0.18,28.5,-70,25.8,-90,1.90E-01
29,YNR058W,BIO3,29.9,-20,24.8,-50,0.13,0,0,0,0,0,29.9,-20,24.8,-50,1.30E-01
30,YNR057C,BIO4,21.8,-5,28.8,-5,0.45,0,0,0,0,0,21.8,-5,28.8,-5,4.50E-01
31,YNR056C,BIO5,20.8,-5,28.8,-5,0.38,0,0,0,0,0,20.8,-5,28.8,-5,3.80E-01
32,YER177W,BMH1,20.1,-10,22.7,-10,0.68,0,0,0,0,0,20.1,-10,22.7,-10,6.80E-01
33,YDR099W,BMH2,26.1,-15,28.5,-15,0.3,0,0,0,0,0,26.1,-15,28.5,-15,3.00E-01
34,YNR051C,BRE5,25.8,-80,26.6,-130,0.48,32.8,-40,25.3,-60,0.0066,28.2,-120,26.1,-190,2.80E-01
35,YDR275W,BSC2,34.2,-25,27.6,-25,0.034,28.2,-20,29.7,-20,0.9,31.6,-45,28.5,-45,2.00E-01
36,YDR252W,BTT1,24.8,-5,29,-5,0.73,0,0,0,0,0,24.8,-5,29,-5,7.30E-01
37,YMR055C,BUB2,22.6,-15,23.7,-15,0.48,0,0,0,0,0,22.6,-15,23.7,-15,4.80E-01
38,YLR353W,BUD8,31.3,-25,24,-55,0.052,0,0,0,0,0,31.3,-25,24,-55,5.20E-02
39,YHR114W,BZZ1,20.8,-5,22.4,-5,0.8,0,0,0,0,0,20.8,-5,22.4,-5,8.00E-01
40,YLR438W,CAR2,16.4,-5,28.8,-5,0.056,0,0,0,0,0,16.4,-5,28.8,-5,5.60E-02
41,YDR270W,CCC2,17.8,-5,29,-5,0.22,0,0,0,0,0,17.8,-5,29,-5,2.20E-01
42,YDR254W,CHL4,22.6,-10,27.4,-10,0.27,0,0,0,0,0,22.6,-10,27.4,-10,2.70E-01
43,YHR142W,CHS7,18,-5,22.4,-5,0.46,0,0,0,0,0,18,-5,22.4,-5,4.60E-01
44,YGR108W,CLB1,24,-25,28.4,-25,0.015,0,0,0,0,0,24,-25,28.4,-25,1.50E-02
45,YGR109C,CLB6,24.1,-25,28.4,-25,0.2,0,0,0,0,0,24.1,-25,28.4,-25,2.00E-01
46,YLR433C,CNA1,23.8,-20,26.9,-30,0.19,0,0,0,0,0,23.8,-20,26.9,-30,1.90E-01
47,YLL018CA,COX19,17.4,-5,28.8,-5,0.1,0,0,0,0,0,17.4,-5,28.8,-5,1.00E-01
48,YIL111W,COX5B,27.8,-20,24.4,-20,0.26,0,0,0,0,0,27.8,-20,24.4,-20,2.60E-01
49,YHR057C,CPR2,24,-5,22.4,-5,0.44,0,0,0,0,0,24,-5,22.4,-5,4.40E-01
50,YDR304C,CPR5,25.6,-5,29,-5,0.79,0,0,0,0,0,25.6,-5,29,-5,7.90E-01
51,YOR100C,CRC1,31.6,-25,25.3,-25,0.017,25.9,-40,25.3,-60,0.67,28.1,-65,25.3,-85,2.50E-01
52,YLR429W,CRN1,30.2,-25,27.6,-25,0.56,0,0,0,0,0,30.2,-25,27.6,-25,5.60E-01
53,YLR380W,CSR1,22.3,-15,23.7,-15,0.55,0,0,0,0,0,22.3,-15,23.7,-15,5.50E-01
54,YDR256C,CTA1,29.9,-20,26.9,-35,0.43,0,0,0,0,0,29.9,-20,26.9,-35,4.30E-01
55,YLR381W,CTF3,24.3,-10,22.7,-10,0.43,0,0,0,0,0,24.3,-10,22.7,-10,4.30E-01
56,YHR109W,CTM1,22,-5,22.4,-5,1,0,0,0,0,0,22,-5,22.4,-5,1.00E+00
57,YGR088W,CTT1,24.8,-25,28.4,-25,0.22,0,0,0,0,0,24.8,-25,28.4,-25,2.20E-01
58,YAL012W,CYS3,30.2,-25,24.5,-25,0.19,0,0,0,0,0,30.2,-25,24.5,-25,1.90E-01
59,YHR028C,DAP2,22,-5,22.4,-5,0.88,0,0,0,0,0,22,-5,22.4,-5,8.80E-01
60,YOR180C,DCI1,29.8,-25,28.4,-25,0.83,0,0,0,0,0,29.8,-25,28.4,-25,8.30E-01
61,YOR173W,DCS2,22.8,-10,29.3,-10,0.21,0,0,0,0,0,22.8,-10,29.3,-10,2.10E-01
62,YOR163W,DDP1,27.8,-25,25.3,-25,0.22,0,0,0,0,0,27.8,-25,25.3,-25,2.20E-01
63,YFL001W,DEG1,27.8,-35,24.5,-35,0.19,0,0,0,0,0,27.8,-35,24.5,-35,1.90E-01
64,YLR348C,DIC1,23.3,-15,23.7,-15,0.77,0,0,0,0,0,23.3,-15,23.7,-15,7.70E-01
65,YDR263C,DIN7,22.6,-5,29,-5,0.58,0,0,0,0,0,22.6,-5,29,-5,5.80E-01
66,YIR004W,DJP1,28.6,-25,24,-55,0.14,0,0,0,0,0,28.6,-25,24,-55,1.40E-01
67,YER179W,DMC1,22.3,-15,23.7,-15,0.77,0,0,0,0,0,22.3,-15,23.7,-15,7.70E-01
68,YDR093W,DNF2,22.9,-15,25.2,-20,0.43,0,0,0,0,0,22.9,-15,25.2,-20,4.30E-01
69,YDR069C,DOA4,15.8,-10,29.6,-10,0.0013,0,0,0,0,0,15.8,-10,29.6,-10,1.30E-03
70,YHR044C,DOG1,25.8,-15,25,-25,0.91,0,0,0,0,0,25.8,-15,25,-25,9.10E-01
71,YHR043C,DOG2,19.8,-5,22.4,-5,0.69,0,0,0,0,0,19.8,-5,22.4,-5,6.90E-01
72,YDR273W,DON1,19.8,-5,29,-5,0.42,0,0,0,0,0,19.8,-5,29,-5,4.20E-01
73,YDR068W,DOS2,27.4,-20,26.9,-30,0.8,0,0,0,0,0,27.4,-20,26.9,-30,8.00E-01
74,YDR121W,DPB4,25.9,-10,29.6,-10,0.33,0,0,0,0,0,25.9,-10,29.6,-10,3.30E-01
75,YDR294C,DPL1,23.4,-25,27.6,-25,0.2,0,0,0,0,0,23.4,-25,27.6,-25,2.00E-01
76,YDR284C,DPP1,31.7,-20,25.9,-55,0.24,0,0,0,0,0,31.7,-20,25.9,-55,2.40E-01
77,YHR143W,DSE2,15.4,-5,22.4,-5,0.095,0,0,0,0,0,15.4,-5,22.4,-5,9.50E-02
78,YNR067C,DSE4,27.1,-20,26.9,-30,0.94,0,0,0,0,0,27.1,-20,26.9,-30,9.40E-01
79,YKR054C,DYN1,20.1,-30,23.5,-50,0.12,0,0,0,0,0,20.1,-30,23.5,-50,1.20E-01
80,YHR132C,ECM14,22.2,-5,22.4,-5,0.98,0,0,0,0,0,22.2,-5,22.4,-5,9.80E-01
81,YDR125C,ECM18,26.2,-20,29.6,-20,0.49,0,0,0,0,0,26.2,-20,29.6,-20,4.90E-01
82,YLR390W,ECM19,23.2,-20,24.4,-20,0.65,0,0,0,0,0,23.2,-20,24.4,-20,6.50E-01
83,YLR436C,ECM30,28.1,-20,26.9,-30,0.72,0,0,0,0,0,28.1,-20,26.9,-30,7.20E-01
84,YER176W,ECM32,28.4,-25,25.4,-35,0.48,0,0,0,0,0,28.4,-25,25.4,-35,4.80E-01
85,YLR443W,ECM7,13,-5,28.8,-5,0.095,0,0,0,0,0,13,-5,28.8,-5,9.50E-02
86,YOR133W,EFT1,17.8,-15,23.8,-25,0.015,0,0,0,0,0,17.8,-15,23.8,-25,1.50E-02
87,YOR144C,ELG1,25,-5,32.8,-5,0.38,0,0,0,0,0,25,-5,32.8,-5,3.80E-01
88,YDR512C,EMI1,23.7,-30,25.3,-40,0.34,0,0,0,0,0,23.7,-30,25.3,-40,3.40E-01
89,YIL005W,EPS1,24.4,-5,29,-5,0.69,0,0,0,0,0,24.4,-5,29,-5,6.90E-01
90,YHR123W,EPT1,24.4,-15,25,-25,0.63,0,0,0,0,0,24.4,-15,25,-25,6.30E-01
91,YHR110W,ERP5,15.6,-5,22.4,-5,0.25,0,0,0,0,0,15.6,-5,22.4,-5,2.50E-01
92,YDR261C,EXG2,19.8,-5,29,-5,0.22,0,0,0,0,0,19.8,-5,29,-5,2.20E-01
93,YMR052W,FAR3,26.8,-15,23.7,-15,0.63,0,0,0,0,0,26.8,-15,23.7,-15,6.30E-01
94,YER183C,FAU1,24.8,-20,24.4,-20,0.81,0,0,0,0,0,24.8,-20,24.4,-20,8.10E-01
95,YLR377C,FBP1,26.4,-45,24.5,-95,0.39,0,0,0,0,0,26.4,-45,24.5,-95,3.90E-01
96,YMR058W,FET3,22,-10,22.7,-10,1,0,0,0,0,0,22,-10,22.7,-10,1.00E+00
97,YDR130C,FIN1,19.9,-10,29.6,-10,0.037,0,0,0,0,0,19.9,-10,29.6,-10,3.70E-02
98,YIL131C,FKH1,29.9,-20,24.8,-25,0.11,0,0,0,0,0,29.9,-20,24.8,-25,1.10E-01
99,YAR050W,FLO1,21,-5,28.8,-5,0.41,0,0,0,0,0,21,-5,28.8,-5,4.10E-01
100,YER182W,FMP10,23.2,-20,24.4,-20,0.38,0,0,0,0,0,23.2,-20,24.4,-20,3.80E-01
101,YDR070C,FMP16,18.6,-10,29.6,-10,0.0072,0,0,0,0,0,18.6,-10,29.6,-10,7.20E-03
102,YKR065C,FMP18,18.8,-5,29,-5,0.31,0,0,0,0,0,18.8,-5,29,-5,3.10E-01
103,YLR454W,FMP27,22.7,-20,26.9,-30,0.11,0,0,0,0,0,22.7,-20,26.9,-30,1.10E-01
104,YDR493W,FMP36,22,-25,25.4,-35,0.076,0,0,0,0,0,22,-25,25.4,-35,7.60E-02
105,YKR049C,FMP46,23.1,-20,28.4,-35,0.015,0,0,0,0,0,23.1,-20,28.4,-35,1.50E-02
106,YBR262C,FMP51,17.3,-10,29.6,-10,0.0017,0,0,0,0,0,17.3,-10,29.6,-10,1.70E-03
107,YDR110W,FOB1,32,-1810,25.8,-1790,2.4e-56,31.8,-140,28.1,-100,0.021,32,-1950,25.9,-1890,2.60E-57
108,YLR449W,FPR4,28.6,-25,24.2,-25,0.14,0,0,0,0,0,28.6,-25,24.2,-25,1.40E-01
109,YNR060W,FRE4,22.2,-5,28.8,-5,0.69,0,0,0,0,0,22.2,-5,28.8,-5,6.90E-01
110,YCL058C,FYV5,21,-5,28.8,-5,0.69,0,0,0,0,0,21,-5,28.8,-5,6.90E-01
111,YOR178C,GAC1,23.3,-10,29.3,-10,0.15,0,0,0,0,0,23.3,-10,29.3,-10,1.50E-01
112,YFL021W,GAT1,25.4,-25,23.9,-45,0.73,0,0,0,0,0,25.4,-25,23.9,-45,7.30E-01
113,YDR283C,GCN2,25.7,-495,27,-565,0.028,23.3,-180,28.8,-220,1.1e-08,25.1,-675,27.5,-785,2.80E-02
114,YOR120W,GCY1,26.5,-15,25.1,-20,0.33,0,0,0,0,0,26.5,-15,25.1,-20,3.30E-01
115,YHR108W,GGA2,26.6,-15,25,-25,0.49,0,0,0,0,0,26.6,-15,25,-25,4.90E-01
116,YHR061C,GIC1,24.4,-5,22.4,-5,0.73,0,0,0,0,0,24.4,-5,22.4,-5,7.30E-01
117,YDR309C,GIC2,24,-5,29,-5,0.55,0,0,0,0,0,24,-5,29,-5,5.50E-01
118,YDR096W,GIS1,31.2,-90,25.2,-90,0.00025,0,0,0,0,0,31.2,-90,25.2,-90,2.50E-04
119,YKR058W,GLG1,25.8,-5,29,-5,0.83,0,0,0,0,0,25.8,-5,29,-5,8.30E-01
120,YER040W,GLN3,20.6,-45,24.9,-45,0.015,0,0,0,0,0,20.6,-45,24.9,-45,1.50E-02
121,YDR272W,GLO2,21.4,-5,29,-5,0.34,0,0,0,0,0,21.4,-5,29,-5,3.40E-01
122,YHR183W,GND1,24.2,-5,22.4,-5,0.84,0,0,0,0,0,24.2,-5,22.4,-5,8.40E-01
123,YBR244W,GPX2,19.5,-10,29.6,-10,0.023,0,0,0,0,0,19.5,-10,29.6,-10,2.30E-02
124,YHR104W,GRE3,18.6,-5,22.4,-5,0.6,0,0,0,0,0,18.6,-5,22.4,-5,6.00E-01
125,YDR098C,GRX3,27.1,-15,28.5,-15,0.15,0,0,0,0,0,27.1,-15,28.5,-15,1.50E-01
126,YER174C,GRX4,26.6,-10,22.7,-10,0.2,0,0,0,0,0,26.6,-10,22.7,-10,2.00E-01
127,YDR108W,GSG1,24.7,-15,28.5,-15,0.081,0,0,0,0,0,24.7,-15,28.5,-15,8.10E-02
128,YDR295C,HDA2,31.9,-20,26.9,-35,0.17,0,0,0,0,0,31.9,-20,26.9,-35,1.70E-01
129,YBR248C,HIS7,24.9,-10,29.6,-10,0.29,0,0,0,0,0,24.9,-10,29.6,-10,2.90E-01
130,YLR450W,HMG2,30,-25,24.6,-25,0.084,0,0,0,0,0,30,-25,24.6,-25,8.40E-02
131,YDR305C,HNT2,23,-5,29,-5,0.59,0,0,0,0,0,23,-5,29,-5,5.90E-01
132,YDR258C,HSP78,25.2,-10,27.4,-10,0.62,0,0,0,0,0,25.2,-10,27.4,-10,6.20E-01
133,YNR032CA,HUB1,23.6,-5,28.8,-5,0.6,0,0,0,0,0,23.6,-5,28.8,-5,6.00E-01
134,YHR094C,HXT1,17.4,-5,22.4,-5,0.29,0,0,0,0,0,17.4,-5,22.4,-5,2.90E-01
135,YHR092C,HXT4,21.4,-5,22.4,-5,0.88,0,0,0,0,0,21.4,-5,22.4,-5,8.80E-01
136,YOR126C,IAH1,24.2,-5,32.8,-5,0.54,0,0,0,0,0,24.2,-5,32.8,-5,5.40E-01
137,YOR136W,IDH2,31.8,-200,26.1,-235,2.7e-09,30,-80,25.7,-100,0.0052,31.3,-280,26,-335,6.10E-11
138,YLR384C,IKI3,27.5,-10,22.7,-10,0.34,0,0,0,0,0,27.5,-10,22.7,-10,3.40E-01
139,YLR432W,IMD3,24.8,-20,26.9,-30,0.43,0,0,0,0,0,24.8,-20,26.9,-30,4.30E-01
140,YHR046C,INM1,36.1,-20,23.2,-25,0.00081,22.7,-40,25.3,-60,0.032,27.2,-60,24.6,-85,8.40E-01
141,YDR123C,INO2,29.3,-50,26.8,-50,0.31,0,0,0,0,0,29.3,-50,26.8,-50,3.10E-01
142,YIL002C,INP51,30.1,-150,26.6,-150,0.0041,33.6,-140,30.4,-140,0.026,31.8,-290,28.4,-290,1.40E-04
143,YOR109W,INP53,32,-45,24.5,-45,0.0011,32.8,-140,29.8,-180,0.051,32.6,-185,28.7,-225,2.50E-03
144,YDR315C,IPK1,36.6,-20,25.9,-55,0.0014,25.6,-40,25.3,-60,0.83,29.3,-60,25.6,-115,9.90E-02
145,YDR072C,IPT1,20.6,-10,29.6,-10,0.025,0,0,0,0,0,20.6,-10,29.6,-10,2.50E-02
146,YHR079C,IRE1,27,-145,27.8,-145,0.62,0,0,0,0,0,27,-145,27.8,-145,6.20E-01
147,YER180C,ISC10,22.9,-15,23.7,-15,0.72,0,0,0,0,0,22.9,-15,23.7,-15,7.20E-01
148,YBR245C,ISW1,18.8,-10,29.6,-10,0.021,0,0,0,0,0,18.8,-10,29.6,-10,2.10E-02
149,YHR158C,KEL1,27.7,-30,23.8,-65,0.14,23,-20,23.7,-20,0.65,25.8,-50,23.7,-85,5.00E-01
150,YDR122W,KIN1,24.4,-40,25.9,-40,0.7,0,0,0,0,0,24.4,-40,25.9,-40,7.00E-01
151,YHR082C,KSP1,27.7,-15,25,-25,0.42,0,0,0,0,0,27.7,-15,25,-25,4.20E-01
152,YOR099W,KTR1,23.5,-10,29.3,-10,0.27,0,0,0,0,0,23.5,-10,29.3,-10,2.70E-01
153,YKR061W,KTR2,15.4,-5,29,-5,0.15,0,0,0,0,0,15.4,-5,29,-5,1.50E-01
154,YIL085C,KTR7,26.6,-20,24.4,-20,0.5,0,0,0,0,0,26.6,-20,24.4,-20,5.00E-01
155,YOR171C,LCB4,29.9,-20,25.4,-65,0.16,0,0,0,0,0,29.9,-20,25.4,-65,1.60E-01
156,YOR123C,LEO1,26.7,-15,27,-25,0.63,0,0,0,0,0,26.7,-15,27,-25,6.30E-01
157,YOR108W,LEU9,27.3,-15,27,-25,1,0,0,0,0,0,27.3,-15,27,-25,1.00E+00
158,YHR156C,LIN1,34.5,-15,25,-25,0.024,27.7,-40,25.3,-60,0.35,29.6,-55,25.2,-85,2.60E-02
159,YHR081W,LRP1,24.4,-5,22.4,-5,0.6,0,0,0,0,0,24.4,-5,22.4,-5,6.00E-01
160,YOR142W,LSC1,23.9,-10,29.3,-10,0.29,0,0,0,0,0,23.9,-10,29.3,-10,2.90E-01
161,YGR057C,LST7,18.4,-5,32.8,-5,0.087,0,0,0,0,0,18.4,-5,32.8,-5,8.70E-02
162,YAL024C,LTE1,27.9,-15,23.7,-15,0.33,0,0,0,0,0,27.9,-15,23.7,-15,3.30E-01
163,YIL094C,LYS12,29.5,-45,25.1,-80,0.17,27.1,-80,27.7,-120,0.49,28,-125,26.6,-200,4.70E-01
164,YNR050C,LYS9,31.2,-20,24.8,-50,0.024,27.3,-40,25.3,-60,0.84,28.6,-60,25,-110,8.10E-02
165,YLR427W,MAG2,23.8,-5,28.8,-5,0.86,0,0,0,0,0,23.8,-5,28.8,-5,8.60E-01
166,YBR299W,MAL32,23.8,-10,22.7,-10,1,0,0,0,0,0,23.8,-10,22.7,-10,1.00E+00
167,YDR318W,MCM21,28.8,-20,26.9,-35,0.69,0,0,0,0,0,28.8,-20,26.9,-35,6.90E-01
168,YBR227C,MCX1,20,-10,29.6,-10,0.053,0,0,0,0,0,20,-10,29.6,-10,5.30E-02
169,YLR368W,MDM30,28.7,-20,23.8,-20,0.2,0,0,0,0,0,28.7,-20,23.8,-20,2.00E-01
170,YGR100W,MDR1,23.8,-5,32.8,-5,0.31,0,0,0,0,0,23.8,-5,32.8,-5,3.10E-01
171,YGR121C,MEP1,24.3,-10,29.3,-10,0.21,0,0,0,0,0,24.3,-10,29.3,-10,2.10E-01
172,YDR253C,MET32,28.7,-15,29.1,-20,0.51,0,0,0,0,0,28.7,-15,29.1,-20,5.10E-01
173,YDR461W,MFA1,23.3,-20,24.4,-20,0.65,0,0,0,0,0,23.3,-20,24.4,-20,6.50E-01
174,YDR296W,MHR1,23,-5,29,-5,0.46,0,0,0,0,0,23,-5,29,-5,4.60E-01
175,YHR015W,MIP6,20.8,-5,22.4,-5,0.84,0,0,0,0,0,20.8,-5,22.4,-5,8.40E-01
176,YDR245W,MNN10,32.5,-20,25.9,-55,0.11,31.3,-20,27.7,-40,0.13,31.9,-40,26.7,-95,2.20E-02
177,YNR059W,MNT4,23.8,-5,28.8,-5,0.8,0,0,0,0,0,23.8,-5,28.8,-5,8.00E-01
178,YOR177C,MPC54,32.7,-25,28.4,-25,0.16,0,0,0,0,0,32.7,-25,28.4,-25,1.60E-01
179,YGR084C,MRP13,24.6,-5,32.8,-5,0.4,0,0,0,0,0,24.6,-5,32.8,-5,4.00E-01
180,YDR116C,MRPL1,23.5,-10,29.6,-10,0.069,0,0,0,0,0,23.5,-10,29.6,-10,6.90E-02
181,YDR322W,MRPL35,22.4,-5,29,-5,0.41,0,0,0,0,0,22.4,-5,29,-5,4.10E-01
182,YML009C,MRPL39,21.4,-20,26.9,-30,0.032,0,0,0,0,0,21.4,-20,26.9,-30,3.20E-02
183,YDR337W,MRPS28,34.3,-15,29.4,-15,0.33,0,0,0,0,0,34.3,-15,29.4,-15,3.30E-01
184,YKR052C,MRS4,19.1,-20,27.2,-25,0.0033,0,0,0,0,0,19.1,-20,27.2,-25,3.30E-03
185,YHR039C,MSC7,18.6,-5,22.4,-5,0.45,0,0,0,0,0,18.6,-5,22.4,-5,4.50E-01
186,YDR097C,MSH6,30.7,-20,26.2,-30,0.12,0,0,0,0,0,30.7,-20,26.2,-30,1.20E-01
187,YDR335W,MSN5,29.1,-15,29.4,-15,0.82,0,0,0,0,0,29.1,-15,29.4,-15,8.20E-01
188,YDR268W,MSW1,35,-35,26.9,-35,0.0028,30.2,-20,21.3,-20,0.012,33.2,-55,24.8,-55,1.10E-04
189,YDR277C,MTH1,28.9,-30,28.4,-35,0.89,0,0,0,0,0,28.9,-30,28.4,-35,8.90E-01
190,YGR055W,MUP1,24.3,-15,27,-25,0.36,0,0,0,0,0,24.3,-15,27,-25,3.60E-01
191,YHR086W,NAM8,24.9,-25,22.5,-45,0.34,0,0,0,0,0,24.9,-25,22.5,-45,3.40E-01
192,YKR048C,NAP1,24.6,-45,27.2,-45,0.063,0,0,0,0,0,24.6,-45,27.2,-45,6.30E-02
193,YHR124W,NDT80,24.2,-5,22.4,-5,0.66,0,0,0,0,0,24.2,-5,22.4,-5,6.60E-01
194,YOR156C,NFI1,23.1,-10,29.3,-10,0.26,0,0,0,0,0,23.1,-10,29.3,-10,2.60E-01
195,YKR103W,NFT1,26.1,-20,26.1,-25,0.95,0,0,0,0,0,26.1,-20,26.1,-25,9.50E-01
196,YKR104W,NFT1,22.4,-5,28.8,-5,0.6,0,0,0,0,0,22.4,-5,28.8,-5,6.00E-01
197,YLR351C,NIT3,27.8,-20,24.4,-20,0.25,0,0,0,0,0,27.8,-20,24.4,-20,2.50E-01
198,YHR077C,NMD2,24,-5,22.4,-5,1,0,0,0,0,0,24,-5,22.4,-5,1.00E+00
199,YLR363C,NMD4,29.5,-25,24,-55,0.033,16.9,-40,21.1,-20,0.025,21.8,-65,23.2,-75,1.10E-01
200,YHR133C,NSG1,24.6,-5,22.4,-5,0.75,0,0,0,0,0,24.6,-5,22.4,-5,7.50E-01
201,YIL136W,OM45,31.2,-35,25.4,-35,0.13,19.2,-40,21.1,-20,0.37,24.8,-75,23.8,-55,9.10E-01
202,YLR350W,ORM2,22.6,-10,22.7,-10,0.7,0,0,0,0,0,22.6,-10,22.7,-10,7.00E-01
203,YOR130C,ORT1,27.8,-25,28.4,-25,0.38,0,0,0,0,0,27.8,-25,28.4,-25,3.80E-01
204,YHR073W,OSH3,24.3,-15,25,-25,0.43,0,0,0,0,0,24.3,-15,25,-25,4.30E-01
205,YHR179W,OYE2,18.2,-5,22.4,-5,0.45,0,0,0,0,0,18.2,-5,22.4,-5,4.50E-01
206,YGR078C,PAC10,21.3,-35,26.2,-45,0.038,0,0,0,0,0,21.3,-35,26.2,-45,3.80E-02
207,YMR174C,PAI3,28.3,-25,27.5,-35,0.99,0,0,0,0,0,28.3,-25,27.5,-35,9.90E-01
208,YDR251W,PAM1,29.9,-20,26.9,-35,0.22,0,0,0,0,0,29.9,-20,26.9,-35,2.20E-01
209,YLR461W,PAU4,32.1,-20,26.9,-30,0.083,0,0,0,0,0,32.1,-20,26.9,-30,8.30E-02
210,YBR233W,PBP2,24,-10,29.6,-10,0.12,0,0,0,0,0,24,-10,29.6,-10,1.20E-01
211,YKR097W,PCK1,20.2,-5,28.8,-5,0.26,0,0,0,0,0,20.2,-5,28.8,-5,2.60E-01
212,YGR101W,PCP1,16.8,-5,32.8,-5,0.095,0,0,0,0,0,16.8,-5,32.8,-5,9.50E-02
213,YER178W,PDA1,18.7,-40,23.2,-70,0.0053,0,0,0,0,0,18.7,-40,23.2,-70,5.30E-03
214,YGR087C,PDC6,24.5,-25,24.2,-45,0.76,0,0,0,0,0,24.5,-25,24.2,-45,7.60E-01
215,YOR153W,PDR5,23.1,-10,29.3,-10,0.21,0,0,0,0,0,23.1,-10,29.3,-10,2.10E-01
216,YDR323C,PEP7,24.5,-10,27.4,-10,0.62,0,0,0,0,0,24.5,-10,27.4,-10,6.20E-01
217,YDR079W,PET100,25.2,-10,29.6,-10,0.31,0,0,0,0,0,25.2,-10,29.6,-10,3.10E-01
218,YJR034W,PET191,23,-15,23.7,-15,0.55,0,0,0,0,0,23,-15,23.7,-15,5.50E-01
219,YDR265W,PEX10,26.8,-25,28.1,-25,0.72,0,0,0,0,0,26.8,-25,28.1,-25,7.20E-01
220,YHR160C,PEX18,22.6,-5,22.4,-5,0.79,0,0,0,0,0,22.6,-5,22.4,-5,7.90E-01
221,YDR329C,PEX3,22.8,-5,29,-5,0.34,0,0,0,0,0,22.8,-5,29,-5,3.40E-01
222,YDR244W,PEX5,27.3,-20,26.9,-35,0.87,25.7,-20,28.7,-20,0.4,26.5,-40,27.5,-55,6.50E-01
223,YGR077C,PEX8,19.6,-5,32.8,-5,0.17,0,0,0,0,0,19.6,-5,32.8,-5,1.70E-01
224,YDR281C,PHM6,29.7,-20,26.9,-35,0.3,0,0,0,0,0,29.7,-20,26.9,-35,3.00E-01
225,YDR313C,PIB1,34.9,-55,27.9,-55,0.00053,28.4,-100,26.8,-120,0.34,30.7,-155,27.2,-175,3.00E-03
226,YHR034W,PIH1,19.2,-5,22.4,-5,0.4,0,0,0,0,0,19.2,-5,22.4,-5,4.00E-01
227,YOR104W,PIN2,23.6,-5,32.8,-5,0.42,0,0,0,0,0,23.6,-5,32.8,-5,4.20E-01
228,YDR276C,PMP3,28.6,-15,29.1,-20,0.99,0,0,0,0,0,28.6,-15,29.1,-20,9.90E-01
229,YIL122W,POG1,21.1,-15,23.7,-15,0.27,0,0,0,0,0,21.1,-15,23.7,-15,2.70E-01
230,YHR075C,PPE1,25.7,-15,25,-25,0.68,0,0,0,0,0,25.7,-15,25,-25,6.80E-01
231,YDR075W,PPH3,23.8,-10,29.6,-10,0.044,0,0,0,0,0,23.8,-10,29.6,-10,4.40E-02
232,YDR300C,PRO1,28.8,-20,26.9,-35,0.95,0,0,0,0,0,28.8,-20,26.9,-35,9.50E-01
233,YDR055W,PST1,25.3,-15,28.5,-15,0.2,0,0,0,0,0,25.3,-15,28.5,-15,2.00E-01
234,YLR376C,PSY3,23.6,-15,23.7,-15,0.95,0,0,0,0,0,23.6,-15,23.7,-15,9.50E-01
235,YER089C,PTC2,21.8,-15,23.7,-15,0.32,0,0,0,0,0,21.8,-15,23.7,-15,3.20E-01
236,YHR076W,PTC7,24,-5,22.4,-5,0.94,0,0,0,0,0,24,-5,22.4,-5,9.40E-01
237,YKR093W,PTR2,26.8,-20,26.1,-25,0.58,26.2,-20,30.9,-20,0.093,26.5,-40,28.2,-45,4.30E-01
238,YHR037W,PUT2,22,-5,22.4,-5,1,0,0,0,0,0,22,-5,22.4,-5,1.00E+00
239,YKR090W,PXL1,23.2,-5,28.8,-5,1,0,0,0,0,0,23.2,-5,28.8,-5,1.00E+00
240,YER173W,RAD24,20,-10,22.7,-10,0.43,0,0,0,0,0,20,-10,22.7,-10,4.30E-01
241,YDR076W,RAD55,12,-10,29.6,-10,0.00066,0,0,0,0,0,12,-10,29.6,-10,6.60E-04
242,YOR101W,RAS1,30.6,-60,26.7,-75,0.038,21.5,-40,23.8,-40,0.42,26.9,-100,25.7,-115,4.30E-01
243,YHR157W,REC104,26.9,-15,25,-25,0.76,0,0,0,0,0,26.9,-15,25,-25,7.60E-01
244,YBR260C,RGD1,24.6,-10,29.6,-10,0.16,0,0,0,0,0,24.6,-10,29.6,-10,1.60E-01
245,YOR107W,RGS2,34.2,-25,25.3,-25,0.0023,23.1,-40,25.3,-60,0.13,27.3,-65,25.3,-85,5.10E-01
246,YLR453C,RIF2,23.7,-20,26.9,-30,0.27,0,0,0,0,0,23.7,-20,26.9,-30,2.70E-01
247,YDR255C,RMD5,27.5,-15,27.1,-15,0.77,0,0,0,0,0,27.5,-15,27.1,-15,7.70E-01
248,YDR257C,RMS1,27.5,-45,26.4,-45,0.83,0,0,0,0,0,27.5,-45,26.4,-45,8.30E-01
249,YDR279W,RNH202,25.1,-15,29.1,-20,0.095,0,0,0,0,0,25.1,-15,29.1,-20,9.50E-02
250,YGR070W,ROM1,24.9,-20,25.9,-65,0.48,0,0,0,0,0,24.9,-20,25.9,-65,4.80E-01
251,YLR371W,ROM2,38,-50,25.5,-50,1.8e-08,29.3,-40,25.3,-60,0.047,34.2,-90,25.4,-110,1.00E-08
252,YBR229C,ROT2,23.1,-10,29.6,-10,0.14,0,0,0,0,0,23.1,-10,29.6,-10,1.40E-01
253,YGR085C,RPL11B,27.6,-25,25,-45,0.61,0,0,0,0,0,27.6,-25,25,-45,6.10E-01
254,YLR344W,RPL26A,26.8,-40,24.3,-65,0.28,0,0,0,0,0,26.8,-40,24.3,-65,2.80E-01
255,YDL075W,RPL31A,34.8,-455,26,-375,6e-21,37.6,-120,25.7,-180,5e-17,35.4,575,25.9,555,1.80E-34
256,YDR500C,RPL37B,31.5,-40,23.3,-55,0.00012,29.7,-80,24.4,-80,0.0038,30.3,-120,23.9,-135,6.90E-06
257,YLR448W,RPL6B,29.6,-130,26,-170,0.0029,33.5,-40,25.3,-60,0.00011,30.5,-170,25.8,-230,9.80E-06
258,YLR441C,RPS1A,29.9,-50,27,-70,0.37,26,-40,25.3,-60,0.6,28.1,-90,26.2,-130,7.10E-01
259,YKR057W,RPS21A,28.5,-40,26.4,-95,0.59,27.4,-60,26.4,-80,0.99,27.9,-100,26.4,-175,7.60E-01
260,YLR367W,RPS22B,26.4,-35,25,-75,0.83,23.3,-40,25.3,-60,0.09,24.7,-75,25.1,-135,2.90E-01
261,YGR118W,RPS23A,26.8,-45,26.4,-65,0.34,0,0,0,0,0,26.8,-45,26.4,-65,3.40E-01
262,YHR021C,RPS27B,21.2,-35,27,-45,0.0042,0,0,0,0,0,21.2,-35,27,-45,4.20E-03
263,YOR167C,RPS28A,26.7,-35,26.4,-45,0.68,0,0,0,0,0,26.7,-35,26.4,-45,6.80E-01
264,YLR388W,RPS29A,24.1,-40,24.9,-70,0.84,19.7,-20,24.2,-20,0.09,22.6,-60,24.7,-90,1.70E-01
265,YOR182C,RPS30B,24.3,-15,28.8,-25,0.17,0,0,0,0,0,24.3,-15,28.8,-25,1.70E-01
266,YHR038W,RRF1,23.8,-5,22.4,-5,0.64,0,0,0,0,0,23.8,-5,22.4,-5,6.40E-01
267,YHR031C,RRM3,18.2,-25,25.7,-45,0.00039,22.8,-20,30.7,-40,0.047,20.2,-45,28,-85,1.60E-04
268,YDR083W,RRP8,29.5,-40,27.4,-50,0.58,22.6,-40,21.1,-20,0.59,26,-80,25.6,-70,9.60E-01
269,YGR056W,RSC1,28,-25,25.3,-25,0.45,0,0,0,0,0,28,-25,25.3,-25,4.50E-01
270,YLR357W,RSC2,20.4,-10,22.7,-10,0.54,0,0,0,0,0,20.4,-10,22.7,-10,5.40E-01
271,YDR289C,RTT103,24.3,-15,29.1,-20,0.095,0,0,0,0,0,24.3,-15,29.1,-20,9.50E-02
272,YHR154W,RTT107,18.3,-15,25,-25,0.042,0,0,0,0,0,18.3,-15,25,-25,4.20E-02
273,YOR138C,RUP1,21.8,-5,32.8,-5,0.31,0,0,0,0,0,21.8,-5,32.8,-5,3.10E-01
274,YDR129C,SAC6,14.7,-30,25.8,-60,2.4e-05,0,0,0,0,0,14.7,-30,25.8,-60,2.40E-05
275,YDR502C,SAM2,26.3,-35,24.5,-35,0.54,0,0,0,0,0,26.3,-35,24.5,-35,5.40E-01
276,YHR103W,SBE22,24.4,-15,25,-25,0.79,0,0,0,0,0,24.4,-15,25,-25,7.90E-01
277,YOR165W,SEY1,16.6,-5,32.8,-5,0.11,0,0,0,0,0,16.6,-5,32.8,-5,1.10E-01
278,YOR140W,SFL1,23.9,-25,28.4,-25,0.085,0,0,0,0,0,23.9,-25,28.4,-25,8.50E-02
279,YBR258C,SHG1,22.5,-10,29.6,-10,0.034,0,0,0,0,0,22.5,-10,29.6,-10,3.40E-02
280,YBR263W,SHM1,28.5,-15,28.5,-15,0.69,0,0,0,0,0,28.5,-15,28.5,-15,6.90E-01
281,YDR078C,SHU2,24.8,-10,29.6,-10,0.33,0,0,0,0,0,24.8,-10,29.6,-10,3.30E-01
282,YGR112W,SHY1,14.8,-5,32.8,-5,0.056,0,0,0,0,0,14.8,-5,32.8,-5,5.60E-02
283,YOR137C,SIA1,29.8,-25,28.4,-25,0.96,0,0,0,0,0,29.8,-25,28.4,-25,9.60E-01
284,YMR175W,SIP18,18.6,-20,28.2,-30,0.00056,0,0,0,0,0,18.6,-20,28.2,-30,5.60E-04
285,YKR101W,SIR1,19.4,-5,28.8,-5,0.46,0,0,0,0,0,19.4,-5,28.8,-5,4.60E-01
286,YDL047W,SIT4,25.9,-80,28.3,-85,0.23,0,0,0,0,0,25.9,-80,28.3,-85,2.30E-01
287,YDR515W,SLF1,25.5,-20,24.4,-20,0.94,0,0,0,0,0,25.5,-20,24.4,-20,9.40E-01
288,YHR030C,SLT2,24.2,-45,27,-45,0.086,0,0,0,0,0,24.2,-45,27,-45,8.60E-02
289,YBR228W,SLX1,25.9,-35,24.1,-40,0.51,0,0,0,0,0,25.9,-35,24.1,-40,5.10E-01
290,YGR081C,SLX9,22.2,-10,29.3,-10,0.18,0,0,0,0,0,22.2,-10,29.3,-10,1.80E-01
291,YHR050W,SMF2,23.9,-25,26.3,-25,0.11,0,0,0,0,0,23.9,-25,26.3,-25,1.10E-01
292,YDR477W,SNF1,38.8,-40,25.5,-40,2.4e-06,26.1,100,27,-120,0.35,29.8,-140,26.6,-160,4.90E-02
293,YDR073W,SNF11,30.5,-30,28.4,-30,0.69,0,0,0,0,0,30.5,-30,28.4,-30,6.90E-01
294,YHR163W,SOL3,28.9,-15,25,-25,0.75,0,0,0,0,0,28.9,-15,25,-25,7.50E-01
295,YAL047C,SPC72,4,-5,28.8,-5,0.0079,0,0,0,0,0,4,-5,28.8,-5,7.90E-03
296,YHR136C,SPL2,15.6,-5,22.4,-5,0.13,0,0,0,0,0,15.6,-5,22.4,-5,1.30E-01
297,YHR152W,SPO12,24.2,-5,22.4,-5,1,0,0,0,0,0,24.2,-5,22.4,-5,1.00E+00
298,YHR014W,SPO13,28.3,-35,26.5,-45,0.41,0,0,0,0,0,28.3,-35,26.5,-45,4.10E-01
299,YHR153C,SPO16,17,-5,22.4,-5,0.31,0,0,0,0,0,17,-5,22.4,-5,3.10E-01
300,YDR104C,SPO71,27.3,-15,30.1,-20,0.39,0,0,0,0,0,27.3,-15,30.1,-20,3.90E-01
301,YGR059W,SPR3,28.8,-25,25.3,-25,0.24,0,0,0,0,0,28.8,-25,25.3,-25,2.40E-01
302,YHR139C,SPS100,27.5,-15,25,-25,0.96,0,0,0,0,0,27.5,-15,25,-25,9.60E-01
303,YGR104C,SRB5,22.2,-5,32.8,-5,0.21,0,0,0,0,0,22.2,-5,32.8,-5,2.10E-01
304,YKR091W,SRL3,18.4,-5,28.8,-5,0.25,0,0,0,0,0,18.4,-5,28.8,-5,2.50E-01
305,YKR092C,SRP40,22.6,-25,24.2,-25,0.61,0,0,0,0,0,22.6,-25,24.2,-25,6.10E-01
306,YDR293C,SSD1,26.7,-105,27.5,-105,0.49,0,0,0,0,0,26.7,-105,27.5,-105,4.90E-01
307,YHR066W,SSF1,38.5,-20,24.6,-65,0.0021,27.4,-40,25.3,-60,0.33,31.1,-60,24.9,-125,6.10E-03
308,YDR312W,SSF2,22.3,-10,27.4,-10,0.47,0,0,0,0,0,22.3,-10,27.4,-10,4.70E-01
309,YLR452C,SST2,31,-25,25.7,-25,0.068,22.7,-40,21.1,-20,0.39,25.9,-65,23.6,-45,3.00E-01
310,YMR053C,STB2,29,-40,24.4,-40,0.31,20.6,-60,21.2,-40,0.52,24,-100,22.8,-80,8.80E-01
311,YHR178W,STB5,20.2,-5,22.4,-5,0.4,0,0,0,0,0,20.2,-5,22.4,-5,4.00E-01
312,YLR362W,STE11,22.7,-45,24.9,-50,0.16,23.1,-20,30.9,-20,0.0068,22.8,-65,26.6,-70,1.20E-02
313,YLR389C,STE23,24.2,-15,23.7,-15,0.95,0,0,0,0,0,24.2,-15,23.7,-15,9.50E-01
314,YLR375W,STP3,24.8,-25,25.4,-35,0.24,0,0,0,0,0,24.8,-25,25.4,-35,2.40E-01
315,YMR054W,STV1,24.1,-25,25.7,-40,0.46,0,0,0,0,0,24.1,-25,25.7,-40,4.60E-01
316,YDR310C,SUM1,23.7,-10,27.4,-10,0.45,0,0,0,0,0,23.7,-10,27.4,-10,4.50E-01
317,YDR297W,SUR2,29.8,-25,25.9,-25,0.068,0,0,0,0,0,29.8,-25,25.9,-25,6.80E-02
318,YLR372W,SUR4,27.6,-35,24.5,-35,0.36,0,0,0,0,0,27.6,-35,24.5,-35,3.60E-01
319,YDR320C,SWA2,26.2,-15,29.1,-20,0.29,0,0,0,0,0,26.2,-15,29.1,-20,2.90E-01
320,YDR126W,SWF1,19.7,-20,27.8,-30,0.002,0,0,0,0,0,19.7,-20,27.8,-30,2.00E-03
321,YDR260C,SWM1,31.1,-20,26.9,-35,0.19,0,0,0,0,0,31.1,-20,26.9,-35,1.90E-01
322,YOR179C,SYC1,28.3,-25,28.4,-25,0.86,0,0,0,0,0,28.3,-25,28.4,-25,8.60E-01
323,YLR354C,TAL1,29.2,-45,24.5,-95,0.013,0,0,0,0,0,29.2,-45,24.5,-95,1.30E-02
324,YBR223C,TDP1,22.4,-10,29.6,-10,0.18,0,0,0,0,0,22.4,-10,29.6,-10,1.80E-01
325,YBR240C,THI2,32.5,-30,28.4,-30,0.34,0,0,0,0,0,32.5,-30,28.4,-30,3.40E-01
326,YHR167W,THP2,19,-5,22.4,-5,0.31,0,0,0,0,0,19,-5,22.4,-5,3.10E-01
327,YKR059W,TIF1,30.1,-75,26.7,-85,0.025,27.2,120,23.8,100,0.0066,28.3,195,25.1,185,1.eE-3
328,YDR105C,TMS1,23.9,-10,29.6,-10,0.15,0,0,0,0,0,23.9,-10,29.6,-10,1.50E-01
329,YER175C,TMT1,23.8,-65,25,-75,0.11,0,0,0,0,0,23.8,-65,25,-75,1.10E-01
330,YMR060C,TOM37,17.2,-5,28.8,-5,0.42,0,0,0,0,0,17.2,-5,28.8,-5,4.20E-01
331,YHR117W,TOM71,24.6,-5,22.4,-5,0.69,0,0,0,0,0,24.6,-5,22.4,-5,6.90E-01
332,YJR066W,TOR1,33.3,-630,25.3,-640,6e-40,34,-80,28.5,-100,0.00035,33.4,-710,25.7,-740,3.10E-42
333,YGR096W,TPC1,21.7,-25,28.4,-25,0.014,0,0,0,0,0,21.7,-25,28.4,-25,1.40E-02
334,YKR050W,TRK2,16.6,-5,29,-5,0.24,0,0,0,0,0,16.6,-5,29,-5,2.40E-01
335,YDR120C,TRM1,22.5,-10,29.6,-10,0.15,0,0,0,0,0,22.5,-10,29.6,-10,1.50E-01
336,YKR056W,TRM2,22.8,-10,27.4,-10,0.36,0,0,0,0,0,22.8,-10,27.4,-10,3.60E-01
337,YHR106W,TRR2,26.3,-25,26.3,-25,0.91,0,0,0,0,0,26.3,-25,26.3,-25,9.10E-01
338,YOR115C,TRS33,25.3,-10,29.3,-10,0.45,0,0,0,0,0,25.3,-10,29.3,-10,4.50E-01
339,YLR425W,TUS1,17.6,-5,28.8,-5,0.21,0,0,0,0,0,17.6,-5,28.8,-5,2.10E-01
340,YDR100W,TVP15,15.6,-10,29.6,-10,0.0011,0,0,0,0,0,15.6,-10,29.6,-10,1.10E-03
341,YDR084C,TVP23,21.4,-10,29.6,-10,0.012,0,0,0,0,0,21.4,-10,29.6,-10,1.20E-02
342,YKR088C,TVP38,24.4,-5,28.8,-5,1,0,0,0,0,0,24.4,-5,28.8,-5,1.00E+00
343,YGR080W,TWF1,17.4,-5,32.8,-5,0.056,0,0,0,0,0,17.4,-5,32.8,-5,5.60E-02
344,YHR111W,UBA4,20,-5,22.4,-5,0.74,0,0,0,0,0,20,-5,22.4,-5,7.40E-01
345,YDR092W,UBC13,22.2,-10,29.6,-10,0.16,0,0,0,0,0,22.2,-10,29.6,-10,1.60E-01
346,YDR059C,UBC5,22.2,-10,29.6,-10,0.17,0,0,0,0,0,22.2,-10,29.6,-10,1.70E-01
347,YKR098C,UBP11,21.6,-5,28.8,-5,0.57,0,0,0,0,0,21.6,-5,28.8,-5,5.70E-01
348,YOR124C,UBP2,28.5,-15,27,-25,0.6,0,0,0,0,0,28.5,-15,27,-25,6.00E-01
349,YML021C,UNG1,15.8,-5,28.8,-5,0.17,0,0,0,0,0,15.8,-5,28.8,-5,1.70E-01
350,YGR072W,UPF3,24.6,-25,26.7,-25,0.25,0,0,0,0,0,24.6,-25,26.7,-25,2.50E-01
351,YNL229C,URE2,31.9,-25,24.6,-45,0.0012,30.6,-40,25.3,-60,0.021,31.1,-65,25,-105,3.70E-04
352,YKR060W,UTP30,20.6,-5,29,-5,0.39,0,0,0,0,0,20.6,-5,29,-5,3.90E-01
353,YLR386W,VAC14,18.5,-10,22.7,-10,0.34,0,0,0,0,0,18.5,-10,22.7,-10,3.40E-01
354,YOR106W,VAM3,14.4,-5,32.8,-5,0.032,0,0,0,0,0,14.4,-5,32.8,-5,3.20E-02
355,YDR247W,VHS1,34,-20,25.9,-55,0.026,25.4,-40,25.3,-60,0.4,28.2,-60,25.6,-115,4.30E-01
356,YLR373C,VID22,12.2,-10,22.7,-10,0.034,0,0,0,0,0,12.2,-10,22.7,-10,3.40E-02
357,YGR105W,VMA21,10.7,-14,24.9,-45,2.7e-06,0,0,0,0,0,10.7,-14,24.9,-45,2.70E-06
358,YHR060W,VMA22,12.6,-5,22.4,-5,0.056,0,0,0,0,0,12.6,-5,22.4,-5,5.60E-02
359,YLR447C,VMA6,12,-5,28.8,-5,0.032,0,0,0,0,0,12,-5,28.8,-5,3.20E-02
360,YOR132W,VPS17,25.8,-5,32.8,-5,0.45,0,0,0,0,0,25.8,-5,32.8,-5,4.50E-01
361,YLR360W,VPS38,29.3,-25,25.4,-35,0.55,0,0,0,0,0,29.3,-25,25.4,-35,5.50E-01
362,YDR080W,VPS41,16.7,-10,29.6,-10,0.0045,0,0,0,0,0,16.7,-10,29.6,-10,4.50E-03
363,YJR044C,VPS55,26.8,-20,24.4,-20,0.76,0,0,0,0,0,26.8,-20,24.4,-20,7.60E-01
364,YHR134W,WSS1,14.2,-5,22.4,-5,0.15,0,0,0,0,0,14.2,-5,22.4,-5,1.50E-01
365,YHR161C,YAP1801,25.7,-15,25,-25,0.73,0,0,0,0,0,25.7,-15,25,-25,7.30E-01
366,YDR259C,YAP6,24.1,-10,27.4,-10,0.57,0,0,0,0,0,24.1,-10,27.4,-10,5.70E-01
367,YHR135C,YCK1,23.4,-5,22.4,-5,0.69,0,0,0,0,0,23.4,-5,22.4,-5,6.90E-01
368,YDR057W,YOS9,26.2,-90,29,-90,0.0095,0,0,0,0,0,26.2,-90,29,-90,9.50E-03
369,YBR264C,YPT10,25,-30,26.5,-30,0.6,0,0,0,0,0,25,-30,26.5,-30,6.00E-01
370,YHR105W,YPT35,28.8,-25,24.6,-65,0.41,0,0,0,0,0,28.8,-25,24.6,-65,4.10E-01
371,YOR172W,YRM1,30.6,-25,28.4,-25,0.54,0,0,0,0,0,30.6,-25,28.4,-25,5.40E-01
372,YOR162C,YRR1,29.7,-20,29,-35,0.71,0,0,0,0,0,29.7,-20,29,-35,7.10E-01
373,YNR065C,YSN1,24.8,-5,28.8,-5,0.89,0,0,0,0,0,24.8,-5,28.8,-5,8.90E-01
374,YDR285W,ZIP1,28.3,-20,27.2,-25,0.88,21.2,-20,29.7,-20,0.027,24.7,-40,28.3,-45,8.90E-02
375,YAL058CA,,23.6,-5,28.8,-5,0.95,0,0,0,0,0,23.6,-5,28.8,-5,9.50E-01
376,YBR224W,,24.3,-10,29.6,-10,0.17,0,0,0,0,0,24.3,-10,29.6,-10,1.70E-01
377,YBR225W,,17.6,-10,29.6,-10,0.025,0,0,0,0,0,17.6,-10,29.6,-10,2.50E-02
378,YBR226C,,31.8,-20,29.6,-20,0.49,0,0,0,0,0,31.8,-20,29.6,-20,4.90E-01
379,YBR230C,,21.4,-10,29.6,-10,0.15,0,0,0,0,0,21.4,-10,29.6,-10,1.50E-01
380,YBR235W,,24.3,-10,29.6,-10,0.068,0,0,0,0,0,24.3,-10,29.6,-10,6.80E-02
381,YBR238C,,34.9,-20,27.9,-20,0.013,33.9,-40,25.3,-60,0.0019,34.2,-60,25.9,-80,4.40E-05
382,YBR239C,,24.1,-10,29.6,-10,0.36,0,0,0,0,0,24.1,-10,29.6,-10,3.60E-01
383,YBR241C,,23.8,-10,29.6,-10,0.24,0,0,0,0,0,23.8,-10,29.6,-10,2.40E-01
384,YBR242W,,27.7,-25,26.6,-30,0.57,0,0,0,0,0,27.7,-25,26.6,-30,5.70E-01
385,YBR246W,,25,-10,29.6,-10,0.31,0,0,0,0,0,25,-10,29.6,-10,3.10E-01
386,YBR250W,,25.5,-10,29.6,-10,0.27,0,0,0,0,0,25.5,-10,29.6,-10,2.70E-01
387,YBR255W,,34.1,-20,25.5,-50,0.0017,31.6,-40,25.3,-60,0.0021,32.4,-60,25.3,-110,1.30E-05
388,YBR259W,,27.1,-30,28.4,-30,0.45,0,0,0,0,0,27.1,-30,28.4,-30,4.50E-01
389,YBR261C,,33.1,-20,27.9,-20,0.18,0,0,0,0,0,33.1,-20,27.9,-20,1.80E-01
390,YBR266C,,37.3,-80,27.3,-80,1.4e-07,36.4,-40,24.8,-40,1.4e-06,37,-120,26.5,-120,1.50E-12
391,YBR267W,,37.5,-50,27.3,-50,4.6e-05,36.5,-40,24.8,-40,1.9e-05,37.1,-90,26.2,-90,3.70E-09
392,YCL006C,,31.5,-25,25.1,-55,0.032,0,0,0,0,0,31.5,-25,25.1,-55,3.20E-02
393,YCL022C,,22,-5,28.8,-5,0.46,0,0,0,0,0,22,-5,28.8,-5,4.60E-01
394,YCL023C,,31.7,-10,28.5,-10,0.43,0,0,0,0,0,31.7,-10,28.5,-10,4.30E-01
395,YCL074W,,17.8,-5,28.8,-5,0.38,0,0,0,0,0,17.8,-5,28.8,-5,3.80E-01
396,YCL075W,,28.4,-30,26.9,-30,0.75,0,0,0,0,0,28.4,-30,26.9,-30,7.50E-01
397,YCL076W,,23,-5,28.8,-5,0.69,0,0,0,0,0,23,-5,28.8,-5,6.90E-01
398,YDL061W,,25.5,-10,22.7,-10,0.43,0,0,0,0,0,25.5,-10,22.7,-10,4.30E-01
399,YDR049W,,22.4,-10,29.6,-10,0.045,0,0,0,0,0,22.4,-10,29.6,-10,4.50E-02
400,YDR051C,,22.1,-10,29.6,-10,0.053,0,0,0,0,0,22.1,-10,29.6,-10,5.30E-02
401,YDR056C,,28.7,-20,26.9,-30,0.78,0,0,0,0,0,28.7,-20,26.9,-30,7.80E-01
402,YDR061W,,25.1,-10,29.6,-10,0.27,0,0,0,0,0,25.1,-10,29.6,-10,2.70E-01
403,YDR063W,,23.8,-10,29.6,-10,0.069,0,0,0,0,0,23.8,-10,29.6,-10,6.90E-02
404,YDR065W,,15.6,-10,29.6,-10,0.0028,0,0,0,0,0,15.6,-10,29.6,-10,2.80E-03
405,YDR066C,,27.5,-15,28.5,-15,0.97,0,0,0,0,0,27.5,-15,28.5,-15,9.70E-01
406,YDR067C,,25.6,-10,29.6,-10,0.52,0,0,0,0,0,25.6,-10,29.6,-10,5.20E-01
407,YDR089W,,20.8,-10,29.6,-10,0.034,0,0,0,0,0,20.8,-10,29.6,-10,3.40E-02
408,YDR090C,,25,-20,27.6,-35,0.1,0,0,0,0,0,25,-20,27.6,-35,1.00E-01
409,YDR094W,,23.6,-10,29.6,-10,0.14,0,0,0,0,0,23.6,-10,29.6,-10,1.40E-01
410,YDR095C,,20.1,-10,29.6,-10,0.0036,0,0,0,0,0,20.1,-10,29.6,-10,3.60E-03
411,YDR102C,,26.7,-20,29.6,-20,0.23,0,0,0,0,0,26.7,-20,29.6,-20,2.30E-01
412,YDR107C,,24.7,-10,29.6,-10,0.45,0,0,0,0,0,24.7,-10,29.6,-10,4.50E-01
413,YDR109C,,25,-10,29.6,-10,0.2,0,0,0,0,0,25,-10,29.6,-10,2.00E-01
414,YDR112W,,20.9,-10,29.6,-10,0.045,0,0,0,0,0,20.9,-10,29.6,-10,4.50E-02
415,YDR117C,,23.2,-10,29.6,-10,0.17,0,0,0,0,0,23.2,-10,29.6,-10,1.70E-01
416,YDR119W,,29.4,-25,29.9,-30,0.77,0,0,0,0,0,29.4,-25,29.9,-30,7.70E-01
417,YDR124W,,35.4,-20,27.9,-20,0.015,22.6,-40,25.3,-60,0.082,26.8,-60,25.9,-80,9.20E-01
418,YDR128W,,19.6,-10,29.6,-10,0.008,0,0,0,0,0,19.6,-10,29.6,-10,8.00E-03
419,YDR131C,,24.7,-10,29.6,-10,0.16,0,0,0,0,0,24.7,-10,29.6,-10,1.60E-01
420,YDR132C,,17.9,-10,29.6,-10,0.01,0,0,0,0,0,17.9,-10,29.6,-10,1.00E-02
421,YDR133C,,22.9,-10,29.6,-10,0.12,0,0,0,0,0,22.9,-10,29.6,-10,1.20E-01
422,YDR134C,,19.8,-10,29.6,-10,0.01,0,0,0,0,0,19.8,-10,29.6,-10,1.00E-02
423,YDR248C,,34.6,-25,29.5,-25,0.025,24,-40,25.3,-60,0.24,28.1,-65,26.5,-85,4.60E-01
424,YDR249C,,25,-15,29.1,-20,0.066,0,0,0,0,0,25,-15,29.1,-20,6.60E-02
425,YDR250C,,33.5,-30,28.4,-35,0.051,0,0,0,0,0,33.5,-30,28.4,-35,5.10E-02
426,YDR262W,,21.4,-5,29,-5,0.46,0,0,0,0,0,21.4,-5,29,-5,4.60E-01
427,YDR266C,,30.4,-20,26.9,-35,0.3,0,0,0,0,0,30.4,-20,26.9,-35,3.00E-01
428,YDR274C,,35.6,-30,28.4,-35,0.0087,19.7,-40,21.1,-20,0.21,26.5,-70,25.7,-55,8.00E-01
429,YDR278C,,34.1,-15,29.4,-15,0.38,0,0,0,0,0,34.1,-15,29.4,-15,3.80E-01
430,YDR282C,,17,-5,29,-5,0.095,0,0,0,0,0,17,-5,29,-5,9.50E-02
431,YDR286C,,28,-20,26.9,-35,0.83,0,0,0,0,0,28,-20,26.9,-35,8.30E-01
432,YDR287W,,10,-5,29,-5,0.032,0,0,0,0,0,10,-5,29,-5,3.20E-02
433,YDR291W,,18.6,-5,29,-5,0.25,0,0,0,0,0,18.6,-5,29,-5,2.50E-01
434,YDR306C,,27.8,-20,26.9,-35,0.65,0,0,0,0,0,27.8,-20,26.9,-35,6.50E-01
435,YDR307W,,35.1,-20,26.9,-35,0.0056,23.2,-40,23.8,-40,0.71,27.2,-60,25.2,-75,4.70E-01
436,YDR314C,,35.9,-15,29.4,-15,0.45,29.7,-20,21.3,-20,0.0047,32.4,-35,24.7,-35,1.10E-02
437,YDR316W,,16.8,-5,29,-5,0.15,0,0,0,0,0,16.8,-5,29,-5,1.50E-01
438,YDR317W,,28.1,-20,26.9,-35,0.67,0,0,0,0,0,28.1,-20,26.9,-35,6.70E-01
439,YDR319C,,30.7,-20,26.9,-35,0.34,0,0,0,0,0,30.7,-20,26.9,-35,3.40E-01
440,YDR326C,,28.4,-25,25.4,-35,0.4,0,0,0,0,0,28.4,-25,25.4,-35,4.00E-01
441,YDR330W,,25.4,-5,29,-5,1,0,0,0,0,0,25.4,-5,29,-5,1.00E+00
442,YDR333C,,19.2,-5,29,-5,0.21,0,0,0,0,0,19.2,-5,29,-5,2.10E-01
443,YDR334W,,24.1,-30,26.9,-30,0.11,0,0,0,0,0,24.1,-30,26.9,-30,1.10E-01
444,YDR336W,,26.8,-25,27.6,-25,0.68,0,0,0,0,0,26.8,-25,27.6,-25,6.80E-01
445,YDR417C,,28.5,-20,22.7,-20,0.062,0,0,0,0,0,28.5,-20,22.7,-20,6.20E-02
446,YDR444W,,27.3,-10,22.7,-10,0.38,0,0,0,0,0,27.3,-10,22.7,-10,3.80E-01
447,YDR506C,,27.3,-30,25.3,-40,0.51,0,0,0,0,0,27.3,-30,25.3,-40,5.10E-01
448,YER181C,,27.6,-25,24,-55,0.31,0,0,0,0,0,27.6,-25,24,-55,3.10E-01
449,YER184C,,21.2,-10,22.7,-10,0.4,0,0,0,0,0,21.2,-10,22.7,-10,4.00E-01
450,YER185W,,25.6,-20,24.4,-20,0.99,0,0,0,0,0,25.6,-20,24.4,-20,9.90E-01
451,YER186C,,31.6,-25,24,-55,0.008,24.4,-40,25.3,-60,0.33,27.2,-65,24.7,-115,2.80E-01
452,YER187W,,32.8,-35,25.4,-35,0.025,24,-40,25.3,-60,0.14,28.1,-75,25.3,-95,5.10E-01
453,YGL199C,,21.2,-10,25.1,-10,0.32,0,0,0,0,0,21.2,-10,25.1,-10,3.20E-01
454,YGL214W,,31.7,-25,27.1,-35,0.2,0,0,0,0,0,31.7,-25,27.1,-35,2.00E-01
455,YGL217C,,30.2,-25,27.1,-35,0.35,0,0,0,0,0,30.2,-25,27.1,-35,3.50E-01
456,YGL235W,,32.6,-25,27.1,-35,0.04,0,0,0,0,0,32.6,-25,27.1,-35,4.00E-02
457,YGR011W,,26.8,-25,27.1,-35,0.81,0,0,0,0,0,26.8,-25,27.1,-35,8.10E-01
458,YGR018C,,25.7,-10,28.5,-10,0.88,0,0,0,0,0,25.7,-10,28.5,-10,8.80E-01
459,YGR022C,,23.7,-10,28.5,-10,0.6,0,0,0,0,0,23.7,-10,28.5,-10,6.00E-01
460,YGR054W,,23.7,-10,29.3,-10,0.29,0,0,0,0,0,23.7,-10,29.3,-10,2.90E-01
461,YGR058W,,19.8,-5,32.8,-5,0.16,0,0,0,0,0,19.8,-5,32.8,-5,1.60E-01
462,YGR064W,,27.4,-25,28.4,-25,0.85,0,0,0,0,0,27.4,-25,28.4,-25,8.50E-01
463,YGR066C,,25.5,-20,25.9,-65,0.35,0,0,0,0,0,25.5,-20,25.9,-65,3.50E-01
464,YGR067C,,27.2,-15,27,-25,0.97,0,0,0,0,0,27.2,-15,27,-25,9.70E-01
465,YGR068C,,26.6,-25,25.3,-25,0.82,0,0,0,0,0,26.6,-25,25.3,-25,8.20E-01
466,YGR069W,,27.8,-25,25.3,-25,0.21,0,0,0,0,0,27.8,-25,25.3,-25,2.10E-01
467,YGR071C,,13.8,-5,32.8,-5,0.032,0,0,0,0,0,13.8,-5,32.8,-5,3.20E-02
468,YGR079W,,22.6,-10,29.3,-10,0.12,0,0,0,0,0,22.6,-10,29.3,-10,1.20E-01
469,YGR107W,,29.8,-25,25.3,-25,0.35,0,0,0,0,0,29.8,-25,25.3,-25,3.50E-01
470,YGR111W,,22.2,-5,32.8,-5,0.29,0,0,0,0,0,22.2,-5,32.8,-5,2.90E-01
471,YGR122W,,23.9,-10,29.3,-10,0.29,0,0,0,0,0,23.9,-10,29.3,-10,2.90E-01
472,YHR022C,,21.8,-5,22.4,-5,0.84,0,0,0,0,0,21.8,-5,22.4,-5,8.40E-01
473,YHR029C,,21,-5,22.4,-5,0.51,0,0,0,0,0,21,-5,22.4,-5,5.10E-01
474,YHR033W,,23.8,-5,22.4,-5,0.87,0,0,0,0,0,23.8,-5,22.4,-5,8.70E-01
475,YHR035W,,22,-5,22.4,-5,0.94,0,0,0,0,0,22,-5,22.4,-5,9.40E-01
476,YHR048W,,23.6,-5,22.4,-5,0.89,0,0,0,0,0,23.6,-5,22.4,-5,8.90E-01
477,YHR049CA,,24.4,-5,22.4,-5,0.48,0,0,0,0,0,24.4,-5,22.4,-5,4.80E-01
478,YHR049W,,23.8,-5,22.4,-5,0.95,0,0,0,0,0,23.8,-5,22.4,-5,9.50E-01
479,YHR078W,,21,-5,22.4,-5,1,0,0,0,0,0,21,-5,22.4,-5,1.00E+00
480,YHR080C,,23.8,-5,22.4,-5,0.73,0,0,0,0,0,23.8,-5,22.4,-5,7.30E-01
481,YHR087W,,23.1,-15,25,-25,0.51,0,0,0,0,0,23.1,-15,25,-25,5.10E-01
482,YHR095W,,16.8,-5,22.4,-5,0.15,0,0,0,0,0,16.8,-5,22.4,-5,1.50E-01
483,YHR096W,,26.5,-15,25,-25,0.92,0,0,0,0,0,26.5,-15,25,-25,9.20E-01
484,YHR097C,,26.8,-15,25,-25,0.44,0,0,0,0,0,26.8,-15,25,-25,4.40E-01
485,YHR100C,,15,-5,22.4,-5,0.22,0,0,0,0,0,15,-5,22.4,-5,2.20E-01
486,YHR112C,,24.6,-5,22.4,-5,0.6,0,0,0,0,0,24.6,-5,22.4,-5,6.00E-01
487,YHR113W,,28.6,-20,24.6,-65,0.24,0,0,0,0,0,28.6,-20,24.6,-65,2.40E-01
488,YHR115C,,20.2,-5,22.4,-5,0.74,0,0,0,0,0,20.2,-5,22.4,-5,7.40E-01
489,YHR116W,,10,-5,22.4,-5,0.016,0,0,0,0,0,10,-5,22.4,-5,1.60E-02
490,YHR121W,,24.4,-5,22.4,-5,0.74,0,0,0,0,0,24.4,-5,22.4,-5,7.40E-01
491,YHR125W,,20.6,-5,22.4,-5,0.65,0,0,0,0,0,20.6,-5,22.4,-5,6.50E-01
492,YHR126C,,19,-25,26.3,-25,0.0029,0,0,0,0,0,19,-25,26.3,-25,2.90E-03
493,YHR130C,,35,-30,24.7,-35,0.00011,23.7,-40,25.3,-60,0.21,28.6,-70,25,-95,1.00E-01
494,YHR138C,,28,-25,26.3,-25,0.3,0,0,0,0,0,28,-25,26.3,-25,3.00E-01
495,YHR139CA,,27.5,-15,25,-25,0.31,0,0,0,0,0,27.5,-15,25,-25,3.10E-01
496,YHR151C,,27.2,-30,24.7,-35,0.46,0,0,0,0,0,27.2,-30,24.7,-35,4.60E-01
497,YHR155W,,19.4,-5,22.4,-5,0.6,0,0,0,0,0,19.4,-5,22.4,-5,6.00E-01
498,YHR159W,,22,-5,22.4,-5,0.89,0,0,0,0,0,22,-5,22.4,-5,8.90E-01
499,YHR182W,,17.2,-5,22.4,-5,0.29,0,0,0,0,0,17.2,-5,22.4,-5,2.90E-01
500,YIL001W,,31.8,-25,27.6,-25,0.15,0,0,0,0,0,31.8,-25,27.6,-25,1.50E-01
501,YIL056W,,21,-10,22.7,-10,0.65,0,0,0,0,0,21,-10,22.7,-10,6.50E-01
502,YIL102C,,26.5,-25,25.2,-25,0.82,0,0,0,0,0,26.5,-25,25.2,-25,8.20E-01
503,YIL158W,,23.8,-25,25.4,-35,0.24,0,0,0,0,0,23.8,-25,25.4,-35,2.40E-01
504,YJR039W,,25,-10,22.7,-10,0.36,0,0,0,0,0,25,-10,22.7,-10,3.60E-01
505,YKR045C,,28.2,-20,28.4,-35,0.73,0,0,0,0,0,28.2,-20,28.4,-35,7.30E-01
506,YKR047W,,23.2,-5,29,-5,0.65,0,0,0,0,0,23.2,-5,29,-5,6.50E-01
507,YKR051W,,25.4,-5,29,-5,0.88,0,0,0,0,0,25.4,-5,29,-5,8.80E-01
508,YKR064W,,25.6,-20,28.4,-35,0.13,0,0,0,0,0,25.6,-20,28.4,-35,1.30E-01
509,YKR087C,,9.2,-5,28.8,-5,0.016,0,0,0,0,0,9.2,-5,28.8,-5,1.60E-02
510,YKR089C,,23.3,-20,26.9,-30,0.11,0,0,0,0,0,23.3,-20,26.9,-30,1.10E-01
511,YKR100C,,20.8,-5,28.8,-5,0.58,0,0,0,0,0,20.8,-5,28.8,-5,5.80E-01
512,YKR105C,,29.3,-20,24.8,-50,0.083,21.2,-40,21.1,-20,0.97,23.9,-60,23.7,-70,9.90E-01
513,YLR262CA,,29.8,-20,26.9,-30,0.33,0,0,0,0,0,29.8,-20,26.9,-30,3.30E-01
514,YLR345W,,19.2,-15,23.7,-15,0.12,0,0,0,0,0,19.2,-15,23.7,-15,1.20E-01
515,YLR349W,,30.1,-25,25.4,-35,0.14,0,0,0,0,0,30.1,-25,25.4,-35,1.40E-01
516,YLR352W,,23.4,-25,24,-55,0.82,0,0,0,0,0,23.4,-25,24,-55,8.20E-01
517,YLR356W,,19,-10,22.7,-10,0.3,0,0,0,0,0,19,-10,22.7,-10,3.00E-01
518,YLR364W,,27.6,-25,25.4,-35,0.45,0,0,0,0,0,27.6,-25,25.4,-35,4.50E-01
519,YLR365W,,23.8,-15,23.7,-15,0.74,0,0,0,0,0,23.8,-15,23.7,-15,7.40E-01
520,YLR366W,,30.9,-30,25.5,-40,0.085,0,0,0,0,0,30.9,-30,25.5,-40,8.50E-02
521,YLR374C,,19,-10,22.7,-10,0.76,0,0,0,0,0,19,-10,22.7,-10,7.60E-01
522,YLR385C,,26.4,-25,25.4,-35,0.77,0,0,0,0,0,26.4,-25,25.4,-35,7.70E-01
523,YLR387C,,25.9,-25,25.4,-35,0.61,0,0,0,0,0,25.9,-25,25.4,-35,6.10E-01
524,YLR422W,,33.9,-30,26.9,-30,0.024,20.8,-40,21.1,-20,0.7,26.4,-70,24.5,-50,6.50E-01
525,YLR426W,,18.6,-25,25.8,-25,0.0076,0,0,0,0,0,18.6,-25,25.8,-25,7.60E-03
526,YLR428C,,28.2,-20,26.9,-30,0.77,0,0,0,0,0,28.2,-20,26.9,-30,7.70E-01
527,YLR434C,,22.8,-5,28.8,-5,0.45,0,0,0,0,0,22.8,-5,28.8,-5,4.50E-01
528,YLR437C,,21.8,-20,26.9,-30,0.05,0,0,0,0,0,21.8,-20,26.9,-30,5.00E-02
529,YLR444C,,23.4,-20,26.9,-30,0.11,0,0,0,0,0,23.4,-20,26.9,-30,1.10E-01
530,YLR445W,,13,-5,28.8,-5,0.032,0,0,0,0,0,13,-5,28.8,-5,3.20E-02
531,YLR446W,,24.2,-5,28.8,-5,0.69,0,0,0,0,0,24.2,-5,28.8,-5,6.90E-01
532,YLR456W,,21.6,-5,28.8,-5,0.52,0,0,0,0,0,21.6,-5,28.8,-5,5.20E-01
533,YLR460C,,19.5,-20,26.9,-30,0.0072,0,0,0,0,0,19.5,-20,26.9,-30,7.20E-03
534,YML010CB,,23.9,-30,26.9,-30,0.24,0,0,0,0,0,23.9,-30,26.9,-30,2.40E-01
535,YMR052CA,,26.2,-25,25.4,-35,0.89,0,0,0,0,0,26.2,-25,25.4,-35,8.90E-01
536,YMR057C,,28.2,-25,24,-55,0.44,0,0,0,0,0,28.2,-25,24,-55,4.40E-01
537,YMR158CB,,19.6,-5,28.8,-5,0.29,0,0,0,0,0,19.6,-5,28.8,-5,2.90E-01
538,YMR194CA,,21.4,-5,28.8,-5,0.69,0,0,0,0,0,21.4,-5,28.8,-5,6.90E-01
539,YMR326C,,15.6,-5,28.8,-5,0.13,0,0,0,0,0,15.6,-5,28.8,-5,1.30E-01
540,YNR061C,,26.9,-20,26.9,-30,0.46,0,0,0,0,0,26.9,-20,26.9,-30,4.60E-01
541,YNR062C,,23.4,-20,26.9,-30,0.12,0,0,0,0,0,23.4,-20,26.9,-30,1.20E-01
542,YNR063W,,22.4,-5,28.8,-5,0.68,0,0,0,0,0,22.4,-5,28.8,-5,6.80E-01
543,YNR064C,,18.2,-5,28.8,-5,0.33,0,0,0,0,0,18.2,-5,28.8,-5,3.30E-01
544,YNR066C,,14,-5,28.8,-5,0.04,0,0,0,0,0,14,-5,28.8,-5,4.00E-02
545,YNR068C,,12.4,-5,28.8,-5,0.056,0,0,0,0,0,12.4,-5,28.8,-5,5.60E-02
546,YOR008CA,,29.2,-20,26.9,-30,0.19,0,0,0,0,0,29.2,-20,26.9,-30,1.90E-01
547,YOR097C,,30.6,-25,25.3,-25,0.22,0,0,0,0,0,30.6,-25,25.3,-25,2.20E-01
548,YOR105W,,25.3,-25,25.3,-25,0.82,0,0,0,0,0,25.3,-25,25.3,-25,8.20E-01
549,YOR111W,,28.3,-40,25.4,-85,0.23,32.1,-20,31,-40,0.72,29.5,-60,27.2,-125,2.10E-01
550,YOR112W,,25.8,-25,25.3,-25,0.94,0,0,0,0,0,25.8,-25,25.3,-25,9.40E-01
551,YOR114W,,25.8,-5,32.8,-5,0.55,0,0,0,0,0,25.8,-5,32.8,-5,5.50E-01
552,YOR118W,,28.6,-20,25.9,-65,0.6,0,0,0,0,0,28.6,-20,25.9,-65,6.00E-01
553,YOR121C,,21.2,-5,32.8,-5,0.22,0,0,0,0,0,21.2,-5,32.8,-5,2.20E-01
554,YOR129C,,18,-5,32.8,-5,0.13,0,0,0,0,0,18,-5,32.8,-5,1.30E-01
555,YOR131C,,23.7,-10,29.3,-10,0.36,0,0,0,0,0,23.7,-10,29.3,-10,3.60E-01
556,YOR135C,,31,-20,25.4,-65,0.073,29.5,-40,24.8,-40,0.0024,30,-60,25.2,-105,3.20E-04
557,YOR139C,,25.6,-10,29.3,-10,0.5,0,0,0,0,0,25.6,-10,29.3,-10,5.00E-01
558,YOR152C,,21.8,-5,32.8,-5,0.13,0,0,0,0,0,21.8,-5,32.8,-5,1.30E-01
559,YOR154W,,25.6,-5,32.8,-5,0.38,0,0,0,0,0,25.6,-5,32.8,-5,3.80E-01
560,YOR161C,,22.9,-10,29.3,-10,0.16,0,0,0,0,0,22.9,-10,29.3,-10,1.60E-01
561,YOR164C,,22.6,-5,32.8,-5,0.31,0,0,0,0,0,22.6,-5,32.8,-5,3.10E-01
562,YOR166C,,33.7,-25,28.4,-25,0.063,0,0,0,0,0,33.7,-25,28.4,-25,6.30E-02
563,YOR170W,,23.3,-10,29.3,-10,0.21,0,0,0,0,0,23.3,-10,29.3,-10,2.10E-01
564,YOR175C,,22.9,-10,29.3,-10,0.096,0,0,0,0,0,22.9,-10,29.3,-10,9.60E-02
