 orfname,Ka,Ks,Ka/Ks 
YAL005C,,,
YAL007C,0.068,0.633,0.107 
YAL008W,,,
YAL009W,0.047,0.486,0.097 
YAL010C,0.109,0.678,0.161 
YAL012W,,,
YAL015C,0.129,0.741,0.175 
YAL016W,0.030,0.578,0.053 
YAL017W,0.081,0.746,0.109 
YAL018C,0.118,0.912,0.130 
YAL020C,,,
YAL021C,0.047,0.705,0.066 
YAL022C,0.098,0.845,0.117 
YAL023C,0.052,0.617,0.085 
YAL024C,0.118,0.762,0.155 
YAL025C,0.036,0.671,0.053 
YAL028W,,,
YAL031C,,,
YAL033W,0.058,0.667,0.086 
YAL035W,0.063,0.473,0.134 
YAL036C,0.021,0.620,0.034 
YAL037W,0.223,0.889,0.251 
YAL038W,0.015,0.105,0.141 
YAL039C,,,
YAL040C,0.087,0.667,0.131 
YAL041W,0.066,0.813,0.081 
YAL042W,0.066,0.821,0.080 
YAL043C,0.103,0.944,0.109 
YAL046C,,,
YAL047C,0.156,0.739,0.211 
YAL048C,0.044,0.823,0.053 
YAL049C,0.098,0.749,0.131 
YAL053W,0.048,0.868,0.055 
YAL054C,0.028,0.751,0.037 
YAL055W,0.246,1.086,0.226 
YAL058W,0.210,0.876,0.240 
YAL060W,0.079,0.866,0.092 
YAL061W,0.063,0.903,0.070 
YAL062W,0.049,1.069,0.046 
YAL067C,,,
YAR002W,,,
YAR003W,,,
YAR007C,0.029,0.707,0.041 
YAR008W,0.127,0.856,0.148 
YAR015W,0.031,0.632,0.049 
YAR018C,0.036,0.658,0.055 
YAR019C,,,
YAR023C,,,
YAR035W,,,
YAR068W,,,
YAR071W,0.050,0.271,0.185 
YBL003C,0.012,0.237,0.050 
YBL005W,0.165,0.859,0.192 
YBL007C,0.085,0.721,0.118 
YBL008W,0.107,0.705,0.152 
YBL009W,0.163,0.732,0.223 
YBL010C,0.145,0.711,0.204 
YBL011W,,,
YBL014C,0.147,0.959,0.153 
YBL015W,,,
YBL016W,0.054,0.937,0.058 
YBL017C,,,
YBL019W,,,
YBL020W,,,
YBL021C,0.021,0.862,0.025 
YBL022C,,,
YBL023C,0.029,0.588,0.050 
YBL024W,0.041,0.584,0.070 
YBL025W,0.096,0.913,0.105 
YBL028C,0.108,0.571,0.188 
YBL029W,0.110,0.726,0.151 
YBL030C,0.029,0.298,0.098 
YBL031W,0.132,0.822,0.161 
YBL032W,,,
YBL033C,0.102,1.214,0.084 
YBL034C,,,
YBL035C,0.092,0.865,0.106 
YBL036C,0.113,0.779,0.145 
YBL037W,0.065,0.741,0.088 
YBL038W,,,
YBL039C,0.027,0.661,0.041 
YBL041W,0.009,0.639,0.015 
YBL042C,0.071,0.847,0.084 
YBL043W,,,
YBL045C,,,
YBL046W,0.164,0.793,0.206 
YBL047C,0.096,0.804,0.120 
YBL049W,0.018,0.714,0.026 
YBL051C,,,
YBL052C,0.217,0.762,0.285 
YBL054W,0.120,0.857,0.140 
YBL055C,,,
YBL056W,0.059,0.730,0.081 
YBL058W,0.114,0.809,0.141 
YBL060W,,,
YBL061C,,,
YBL063W,0.143,0.820,0.175 
YBL064C,0.032,1.011,0.032 
YBL072C,0.017,0.131,0.130 
YBL075C,,,
YBL076C,0.035,0.570,0.062 
YBL078C,0.010,0.568,0.018 
YBL079W,0.072,0.736,0.098 
YBL080C,,,
YBL081W,0.123,0.706,0.174 
YBL084C,,,
YBL085W,,,
YBL090W,0.097,0.673,0.144 
YBL091C,0.049,0.751,0.065 
YBL092W,0.018,0.111,0.160 
YBL093C,,,
YBL095W,0.147,1.090,0.135 
YBL097W,,,
YBL098W,0.072,0.687,0.104 
YBL099W,0.015,0.360,0.043 
YBL101C,0.114,0.776,0.147 
YBL102W,0.051,0.669,0.076 
YBL103C,0.085,0.775,0.109 
YBL105C,0.060,0.713,0.084 
YBL106C,0.111,0.780,0.143 
YBL107C,0.151,0.820,0.184 
YBR001C,,,
YBR002C,0.042,0.667,0.063 
YBR003W,0.049,0.640,0.077 
YBR004C,,,
YBR005W,,,
YBR006W,,,
YBR007C,,,
YBR008C,,,
YBR009C,,,
YBR010W,,0.165, 
YBR011C,0.031,0.361,0.085 
YBR014C,0.247,0.626,0.395 
YBR015C,,,
YBR016W,0.050,0.722,0.069 
YBR017C,,,
YBR018C,,,
YBR019C,0.071,0.692,0.103 
YBR020W,0.066,0.811,0.081 
YBR021W,0.041,0.735,0.056 
YBR022W,0.142,0.615,0.231 
YBR023C,,,
YBR024W,0.132,0.704,0.187 
YBR025C,0.045,0.401,0.113 
YBR026C,0.055,0.896,0.061 
YBR028C,,,
YBR029C,0.041,0.679,0.061 
YBR030W,0.162,0.944,0.171 
YBR031W,0.018,0.136,0.135 
YBR033W,,,
YBR034C,0.023,0.622,0.037 
YBR035C,0.041,0.625,0.066 
YBR036C,0.065,0.718,0.091 
YBR037C,,,
YBR038W,,,
YBR039W,0.022,0.488,0.045 
YBR040W,0.076,0.898,0.085 
YBR043C,0.079,0.637,0.125 
YBR047W,,,
YBR049C,,,
YBR050C,,,
YBR052C,0.111,0.925,0.120 
YBR053C,,,
YBR054W,0.037,0.502,0.074 
YBR055C,,,
YBR056W,0.072,0.671,0.107 
YBR057C,,,
YBR059C,0.104,0.741,0.140 
YBR060C,0.110,0.773,0.143 
YBR061C,0.057,0.736,0.078 
YBR063C,,,
YBR065C,,,
YBR066C,0.123,1.258,0.098 
YBR067C,,,
YBR068C,,,
YBR069C,0.082,0.788,0.104 
YBR070C,0.152,0.926,0.164 
YBR071W,0.184,0.938,0.197 
YBR072W,0.037,0.484,0.076 
YBR077C,,,
YBR079C,0.057,0.592,0.096 
YBR080C,0.022,0.585,0.037 
YBR083W,0.118,0.726,0.163 
YBR084W,,,
YBR085W,0.038,0.663,0.057 
YBR086C,0.175,0.756,0.232 
YBR087W,0.056,0.697,0.080 
YBR088C,0.005,0.606,0.008 
YBR091C,0.081,0.878,0.092 
YBR092C,,,
YBR093C,,,
YBR094W,0.065,0.729,0.089 
YBR096W,0.071,0.789,0.090 
YBR097W,0.097,0.777,0.125 
YBR099C,,,
YBR100W,,,
YBR101C,,,
YBR102C,0.074,0.650,0.113 
YBR103W,0.116,0.732,0.159 
YBR104W,0.047,0.629,0.075 
YBR105C,0.104,1.025,0.102 
YBR106W,0.048,0.419,0.114 
YBR107C,0.114,0.586,0.195 
YBR109C,0.000,0.551,0.000 
YBR110W,0.082,0.693,0.119 
YBR111C,,,
YBR112C,,,
YBR114W,0.055,0.795,0.070 
YBR115C,,,
YBR117C,0.036,0.913,0.040 
YBR120C,0.103,0.577,0.179 
YBR121C,0.032,0.521,0.061 
YBR123C,,,
YBR125C,0.034,0.700,0.048 
YBR126C,0.012,0.703,0.016 
YBR127C,,,
YBR128C,0.128,0.777,0.165 
YBR130C,0.146,0.638,0.228 
YBR131W,0.159,0.881,0.180 
YBR132C,,,
YBR133C,0.100,0.735,0.136 
YBR135W,0.016,0.787,0.021 
YBR137W,,,
YBR138C,0.117,0.646,0.181 
YBR141C,0.147,0.852,0.173 
YBR142W,0.089,0.670,0.133 
YBR143C,0.013,0.554,0.023 
YBR145W,0.065,0.813,0.080 
YBR146W,0.058,0.551,0.106 
YBR147W,0.103,0.535,0.192 
YBR148W,0.268,0.768,0.348 
YBR149W,,,
YBR151W,0.110,0.801,0.138 
YBR152W,,,
YBR153W,,,
YBR154C,0.021,0.388,0.055 
YBR155W,0.078,0.861,0.091 
YBR156C,0.175,0.713,0.245 
YBR159W,,,
YBR160W,,,
YBR161W,,,
YBR162C,,,
YBR163W,0.170,0.799,0.212 
YBR164C,,,
YBR165W,0.153,0.639,0.240 
YBR167C,0.124,0.687,0.180 
YBR168W,0.174,0.687,0.253 
YBR169C,0.070,0.726,0.097 
YBR170C,,,
YBR171W,0.048,0.521,0.093 
YBR173C,0.074,0.872,0.085 
YBR175W,0.054,0.857,0.063 
YBR176W,,,
YBR177C,0.088,0.820,0.107 
YBR179C,0.085,0.712,0.119 
YBR180W,0.103,0.732,0.141 
YBR182C,0.296,0.819,0.362 
YBR183W,,,
YBR185C,,,
YBR187W,,,
YBR188C,,,
YBR192W,0.041,0.694,0.058 
YBR193C,0.088,0.732,0.120 
YBR194W,,,
YBR195C,,,
YBR196C,0.013,0.337,0.039 
YBR197C,,,
YBR198C,0.041,0.776,0.053 
YBR199W,0.133,0.712,0.187 
YBR200W,0.065,0.723,0.090 
YBR201W,,,
YBR202W,0.040,0.739,0.055 
YBR203W,0.111,0.729,0.152 
YBR204C,0.164,0.657,0.249 
YBR205W,0.064,0.668,0.095 
YBR207W,0.093,0.701,0.133 
YBR210W,0.101,0.846,0.119 
YBR211C,0.137,0.564,0.242 
YBR212W,,,
YBR213W,0.090,0.723,0.124 
YBR214W,0.046,0.714,0.065 
YBR216C,0.174,0.714,0.243 
YBR217W,0.113,0.868,0.130 
YBR218C,,,
YBR220C,0.065,0.889,0.073 
YBR221C,0.020,0.491,0.041 
YBR222C,0.041,0.844,0.049 
YBR223C,,,
YBR225W,0.133,0.693,0.193 
YBR228W,0.137,0.722,0.190 
YBR229C,,,
YBR233W,,,
YBR234C,,,
YBR235W,0.056,0.849,0.066 
YBR237W,0.119,0.817,0.146 
YBR238C,0.029,0.574,0.050 
YBR239C,,,
YBR240C,0.081,0.943,0.086 
YBR241C,,,
YBR242W,,,
YBR243C,,,
YBR244W,,,
YBR246W,0.128,0.881,0.145 
YBR247C,0.056,0.577,0.097 
YBR248C,0.059,0.746,0.079 
YBR249C,0.024,0.360,0.067 
YBR250W,,,
YBR251W,0.044,0.750,0.058 
YBR252W,0.058,0.731,0.080 
YBR253W,0.086,0.605,0.142 
YBR254C,0.064,1.050,0.061 
YBR255W,,,
YBR256C,,,
YBR257W,,,
YBR258C,0.224,0.577,0.388 
YBR259W,0.259,0.849,0.305 
YBR260C,0.062,0.814,0.077 
YBR261C,0.055,0.718,0.076 
YBR262C,0.123,0.676,0.182 
YBR265W,0.076,0.764,0.100 
YBR267W,0.082,0.599,0.137 
YBR268W,,,
YBR270C,0.107,0.878,0.122 
YBR271W,0.162,0.853,0.190 
YBR273C,,,
YBR274W,,,
YBR276C,,,
YBR278W,,,
YBR279W,,,
YBR281C,0.059,0.686,0.086 
YBR282W,0.052,0.745,0.069 
YBR283C,0.038,0.638,0.060 
YBR284W,,,
YBR285W,0.203,0.648,0.313 
YBR287W,0.053,0.721,0.074 
YBR288C,0.102,0.705,0.144 
YBR290W,0.070,0.715,0.098 
YBR291C,0.041,0.565,0.072 
YBR293W,0.103,0.670,0.154 
YBR295W,,,
YBR296C,0.061,0.694,0.088 
YBR298C,0.129,0.846,0.152 
YBR299W,,,
YBR301W,,,
YCL001W,0.036,0.593,0.061 
YCL008C,0.129,0.659,0.196 
YCL009C,0.025,0.538,0.046 
YCL010C,0.101,0.761,0.133 
YCL011C,0.055,0.542,0.102 
YCL016C,0.106,0.896,0.118 
YCL017C,0.023,0.603,0.039 
YCL025C,0.051,0.859,0.059 
YCL027W,,,
YCL028W,0.103,1.042,0.099 
YCL029C,0.074,0.669,0.111 
YCL030C,0.045,0.524,0.085 
YCL031C,0.041,0.578,0.072 
YCL032W,0.075,0.731,0.103 
YCL033C,0.098,0.826,0.118 
YCL034W,0.102,0.616,0.166 
YCL035C,0.061,0.839,0.073 
YCL036W,,,
YCL038C,,,
YCL039W,0.087,0.916,0.095 
YCL040W,,,
YCL043C,0.071,0.636,0.112 
YCL044C,0.076,0.768,0.099 
YCL045C,0.146,0.742,0.197 
YCL047C,0.086,0.928,0.092 
YCL048W,0.091,0.894,0.102 
YCL049C,,,
YCL050C,0.048,0.409,0.118 
YCL052C,0.111,0.705,0.158 
YCL054W,,,
YCL055W,0.028,0.745,0.038 
YCL056C,0.148,0.848,0.175 
YCL057W,0.054,0.726,0.074 
YCL059C,0.023,0.695,0.032 
YCL061C,0.188,0.779,0.241 
YCL063W,0.124,0.711,0.175 
YCL064C,0.094,0.736,0.128 
YCL066W,0.101,0.661,0.152 
YCL067C,,,
YCL069W,,,
YCL073C,,,
YCR002C,0.024,0.537,0.046 
YCR003W,0.107,0.566,0.188 
YCR004C,0.046,0.600,0.077 
YCR005C,0.025,0.705,0.035 
YCR007C,,,
YCR008W,0.064,0.636,0.100 
YCR009C,0.008,0.554,0.014 
YCR010C,0.075,0.755,0.099 
YCR011C,0.052,0.799,0.065 
YCR012W,0.017,0.125,0.136 
YCR014C,,,
YCR016W,,,
YCR017C,,,
YCR019W,,,
YCR020C,0.107,0.673,0.160 
YCR021C,0.081,0.588,0.137 
YCR023C,,,
YCR024C,0.110,0.781,0.141 
YCR026C,0.143,0.931,0.153 
YCR027C,,,
YCR028C,0.087,0.828,0.105 
YCR030C,0.089,0.794,0.112 
YCR033W,0.183,0.765,0.240 
YCR034W,0.036,0.575,0.063 
YCR035C,0.091,0.598,0.151 
YCR037C,0.060,0.821,0.074 
YCR038C,,,
YCR039C,,0.023, 
YCR040W,0.101,0.661,0.152 
YCR043C,0.083,0.984,0.084 
YCR045C,0.054,0.917,0.059 
YCR046C,0.108,0.716,0.151 
YCR047C,0.049,0.705,0.070 
YCR048W,0.121,0.812,0.149 
YCR051W,0.088,0.604,0.146 
YCR052W,0.155,0.818,0.189 
YCR053W,0.029,0.573,0.051 
YCR054C,,,
YCR057C,0.047,0.795,0.059 
YCR059C,,,
YCR060W,,,
YCR063W,0.066,0.890,0.074 
YCR066W,0.161,0.744,0.217 
YCR067C,,,
YCR069W,0.184,1.038,0.178 
YCR072C,0.020,0.656,0.030 
YCR075C,0.117,1.112,0.106 
YCR076C,0.155,1.067,0.145 
YCR077C,0.053,0.707,0.076 
YCR081W,0.089,0.808,0.110 
YCR082W,0.132,0.770,0.171 
YCR083W,,,
YCR084C,0.028,0.650,0.044 
YCR086W,0.062,0.726,0.085 
YCR088W,,,
YCR089W,,,
YCR090C,0.119,0.878,0.136 
YCR094W,0.081,0.738,0.109 
YCR095C,0.088,0.732,0.120 
YCR096C,,,(1.000)
YCR098C,0.062,0.438,0.142 
YCR104W,,,
YCR105W,,,
YDL001W,0.033,0.633,0.052 
YDL002C,0.058,0.465,0.125 
YDL003W,,,
YDL004W,0.045,0.547,0.082 
YDL005C,0.180,0.864,0.209 
YDL006W,0.032,0.580,0.055 
YDL007W,0.004,0.546,0.008 
YDL008W,,,
YDL010W,0.147,0.641,0.229 
YDL013W,,,
YDL014W,0.034,0.377,0.091 
YDL015C,0.054,0.598,0.090 
YDL017W,0.036,0.704,0.050 
YDL018C,,,
YDL020C,0.132,0.837,0.158 
YDL021W,0.059,0.657,0.089 
YDL022W,,,
YDL024C,,,
YDL025C,,,
YDL028C,0.081,0.719,0.113 
YDL030W,0.155,0.754,0.206 
YDL031W,0.062,0.688,0.090 
YDL036C,,,
YDL040C,0.086,0.775,0.111 
YDL043C,,,
YDL044C,0.155,0.791,0.197 
YDL045C,0.071,0.633,0.112 
YDL046W,0.098,0.900,0.109 
YDL047W,,,
YDL048C,,,
YDL049C,,,
YDL051W,0.046,0.546,0.085 
YDL052C,0.130,0.591,0.220 
YDL053C,,,
YDL054C,,,
YDL055C,0.017,0.428,0.039 
YDL056W,,,
YDL057W,0.169,0.671,0.252 
YDL059C,,,
YDL060W,0.076,0.684,0.111 
YDL061C,0.010,0.110,0.088 
YDL063C,,,
YDL066W,,,
YDL067C,,,
YDL070W,0.099,0.421,0.234 
YDL072C,0.048,0.724,0.067 
YDL073W,0.164,0.751,0.218 
YDL074C,0.105,0.615,0.170 
YDL081C,0.039,0.243,0.159 
YDL084W,0.004,0.436,0.009 
YDL085W,0.069,1.091,0.064 
YDL086W,0.020,0.847,0.023 
YDL087C,,,
YDL088C,0.186,0.886,0.210 
YDL091C,,,
YDL092W,0.087,0.606,0.143 
YDL098C,,,
YDL099W,0.326,1.031,0.316 
YDL100C,,,
YDL101C,0.053,0.804,0.066 
YDL102W,,,
YDL103C,0.072,0.836,0.087 
YDL105W,,,
YDL106C,,,
YDL109C,,,
YDL110C,0.049,0.512,0.095 
YDL111C,0.038,0.797,0.048 
YDL112W,0.152,0.845,0.179 
YDL113C,0.078,0.782,0.100 
YDL114W,0.188,0.706,0.266 
YDL115C,0.110,0.673,0.163 
YDL116W,0.092,0.718,0.128 
YDL117W,0.073,0.695,0.105 
YDL119C,0.076,0.709,0.107 
YDL120W,0.153,0.474,0.324 
YDL121C,0.141,1.013,0.139 
YDL122W,0.091,0.609,0.150 
YDL123W,0.108,0.686,0.158 
YDL124W,,,
YDL126C,0.011,0.494,0.022 
YDL128W,,,
YDL129W,0.199,0.670,0.297 
YDL131W,,,
YDL132W,0.039,0.760,0.051 
YDL133W,0.095,0.730,0.130 
YDL134C,,,
YDL135C,0.023,0.601,0.038 
YDL137W,0.013,0.455,0.029 
YDL142C,,,
YDL143W,0.017,0.560,0.030 
YDL145C,0.034,0.593,0.058 
YDL146W,0.088,0.735,0.119 
YDL147W,0.043,0.823,0.052 
YDL148C,0.096,0.642,0.149 
YDL149W,0.112,0.906,0.124 
YDL150W,0.108,0.719,0.151 
YDL153C,0.089,0.630,0.141 
YDL154W,0.166,0.848,0.196 
YDL155W,0.093,0.660,0.141 
YDL156W,0.062,0.929,0.066 
YDL157C,,,
YDL159W,,,
YDL160C,0.014,0.527,0.027 
YDL161W,0.089,0.929,0.096 
YDL164C,0.089,0.829,0.107 
YDL165W,0.011,0.436,0.026 
YDL166C,0.044,0.729,0.061 
YDL167C,0.158,0.722,0.219 
YDL169C,,,
YDL170W,0.080,0.960,0.084 
YDL203C,,,
YDL204W,0.163,0.803,0.202 
YDL205C,0.022,0.750,0.029 
YDL206W,,,
YDL207W,,,
YDL208W,,,
YDL209C,,,
YDL210W,,,
YDL211C,,,
YDL212W,0.093,0.652,0.142 
YDL213C,0.056,0.642,0.088 
YDL214C,,,
YDL215C,0.032,0.734,0.044 
YDL216C,,,
YDL217C,0.030,0.992,0.030 
YDL218W,0.132,0.819,0.161 
YDL222C,,,
YDL223C,,,
YDL224C,,,
YDL226C,0.082,0.830,0.099 
YDL227C,0.044,0.797,0.055 
YDL229W,0.012,0.154,0.076 
YDL230W,,,
YDL231C,0.076,0.736,0.103 
YDL232W,,,
YDL233W,,,
YDL234C,,,
YDL235C,0.067,0.628,0.106 
YDL237W,0.116,0.816,0.142 
YDL238C,0.122,0.836,0.146 
YDL239C,,,
YDL240W,,,
YDL241W,0.388,1.044,0.372 
YDR001C,0.028,0.555,0.051 
YDR002W,,,
YDR003W,,,
YDR006C,,,
YDR007W,,,
YDR009W,0.110,0.935,0.117 
YDR011W,,,
YDR012W,,,
YDR013W,,,
YDR014W,,,
YDR016C,,,
YDR017C,,,
YDR019C,,,
YDR020C,,,
YDR021W,,,
YDR022C,,,
YDR028C,,,
YDR030C,0.161,0.876,0.184 
YDR032C,0.013,0.665,0.019 
YDR033W,,,
YDR035W,0.022,0.543,0.040 
YDR036C,0.088,0.710,0.124 
YDR037W,,,
YDR038C,,,
YDR042C,,,
YDR043C,,,
YDR044W,0.019,0.478,0.040 
YDR045C,,,
YDR046C,0.055,0.681,0.080 
YDR047W,0.040,0.595,0.067 
YDR050C,,,
YDR051C,0.048,0.684,0.071 
YDR052C,0.119,0.677,0.175 
YDR054C,,,
YDR055W,0.094,0.867,0.108 
YDR056C,,,
YDR057W,0.191,0.662,0.289 
YDR058C,0.072,0.857,0.084 
YDR060W,0.102,0.758,0.134 
YDR061W,,,
YDR062W,0.050,0.632,0.079 
YDR063W,0.078,0.799,0.098 
YDR065W,0.210,0.883,0.238 
YDR067C,,,
YDR068W,0.200,0.874,0.229 
YDR069C,0.089,0.801,0.111 
YDR070C,0.159,0.844,0.188 
YDR071C,,,
YDR072C,0.128,0.812,0.158 
YDR073W,,,
YDR074W,,,
YDR075W,0.012,0.659,0.018 
YDR076W,0.106,0.791,0.134 
YDR077W,0.115,0.748,0.154 
YDR078C,0.131,1.062,0.124 
YDR079W,,,
YDR080W,,,
YDR081C,0.079,0.779,0.101 
YDR082W,0.229,0.885,0.259 
YDR084C,0.056,0.663,0.085 
YDR086C,0.035,0.598,0.058 
YDR087C,0.106,1.062,0.100 
YDR088C,0.149,0.668,0.223 
YDR089W,,,
YDR090C,0.132,0.710,0.186 
YDR091C,0.019,0.370,0.051 
YDR093W,,,
YDR096W,,,
YDR097C,0.085,0.735,0.116 
YDR099W,0.009,0.439,0.020 
YDR100W,0.069,0.786,0.088 
YDR101C,,,
YDR103W,0.178,0.829,0.215 
YDR104C,,,
YDR105C,,,
YDR106W,,,
YDR107C,0.098,0.712,0.138 
YDR108W,0.065,0.748,0.086 
YDR110W,,,
YDR111C,0.089,0.747,0.119 
YDR115W,0.078,0.834,0.094 
YDR116C,0.105,0.737,0.142 
YDR117C,0.113,0.803,0.140 
YDR118W,,,
YDR120C,,,
YDR122W,,,
YDR123C,0.159,0.823,0.193 
YDR126W,,,
YDR130C,0.169,0.906,0.186 
YDR131C,0.172,0.800,0.215 
YDR132C,,,
YDR134C,,,
YDR137W,0.139,0.692,0.201 
YDR138W,,,
YDR140W,0.111,0.678,0.164 
YDR142C,,,
YDR143C,,,
YDR144C,0.247,0.781,0.316 
YDR145W,,,
YDR147W,0.176,0.730,0.242 
YDR148C,,,
YDR151C,,,
YDR153C,0.078,0.850,0.092 
YDR155C,0.011,0.253,0.042 
YDR156W,,,
YDR158W,0.017,0.615,0.028 
YDR161W,0.100,0.860,0.116 
YDR162C,,,
YDR163W,0.299,0.607,0.493 
YDR164C,0.064,0.778,0.082 
YDR165W,,,
YDR167W,,,
YDR168W,0.077,0.763,0.101 
YDR169C,0.085,0.735,0.115 
YDR172W,,,
YDR173C,,,
YDR174W,,,
YDR175C,,,
YDR176W,,,
YDR177W,0.012,0.686,0.017 
YDR178W,0.070,0.857,0.082 
YDR179C,,,
YDR180W,,,
YDR181C,,,
YDR182W,,,
YDR183W,0.146,0.857,0.171 
YDR184C,0.116,0.556,0.209 
YDR185C,0.072,0.794,0.091 
YDR186C,,,
YDR188W,,,
YDR189W,0.038,0.686,0.056 
YDR190C,0.017,0.667,0.025 
YDR191W,,,
YDR192C,0.238,1.078,0.221 
YDR194C,0.092,0.650,0.142 
YDR195W,0.098,0.656,0.150 
YDR197W,0.154,0.628,0.245 
YDR198C,,,
YDR200C,0.129,0.743,0.173 
YDR201W,,,
YDR202C,0.067,0.657,0.102 
YDR206W,,,
YDR207C,0.145,0.748,0.194 
YDR208W,,,
YDR210W,0.010,0.741,0.014 
YDR211W,0.056,0.845,0.066 
YDR212W,0.018,0.564,0.032 
YDR213W,,,
YDR214W,0.091,0.800,0.113 
YDR216W,,,
YDR219C,0.154,0.670,0.230 
YDR221W,0.272,0.996,0.273 
YDR222W,0.096,0.826,0.116 
YDR224C,0.003,0.230,0.014 
YDR225W,,0.154, 
YDR226W,0.028,0.413,0.068 
YDR228C,,,
YDR229W,0.106,0.847,0.125 
YDR231C,0.071,0.684,0.104 
YDR232W,,,
YDR233C,0.056,0.545,0.104 
YDR234W,,,
YDR235W,,,
YDR236C,0.112,0.574,0.194 
YDR237W,,,
YDR239C,0.234,0.848,0.276 
YDR240C,0.164,0.780,0.210 
YDR242W,,,
YDR243C,0.145,0.846,0.171 
YDR245W,0.064,0.576,0.111 
YDR251W,0.163,0.772,0.211 
YDR252W,0.122,0.666,0.183 
YDR253C,,,
YDR255C,0.064,0.969,0.066 
YDR256C,0.032,0.975,0.033 
YDR257C,0.221,0.762,0.289 
YDR259C,0.197,0.652,0.302 
YDR260C,,,
YDR261C,,,
YDR264C,0.093,0.859,0.108 
YDR265W,0.167,0.729,0.230 
YDR266C,0.095,0.744,0.128 
YDR267C,,,
YDR268W,0.068,0.750,0.091 
YDR270W,,,
YDR272W,0.103,0.879,0.117 
YDR273W,,,
YDR275W,0.185,0.873,0.212 
YDR276C,0.007,0.235,0.031 
YDR277C,0.070,0.751,0.093 
YDR279W,0.184,0.781,0.236 
YDR280W,,,
YDR281C,0.314,0.819,0.384 
YDR282C,,,
YDR284C,,,
YDR285W,0.165,0.745,0.221 
YDR286C,,,
YDR287W,0.094,0.996,0.095 
YDR288W,0.138,0.702,0.197 
YDR289C,0.122,0.892,0.136 
YDR291W,0.063,0.731,0.086 
YDR292C,0.073,0.730,0.100 
YDR293C,,,
YDR294C,,,
YDR295C,0.146,0.733,0.199 
YDR296W,,,
YDR297W,0.047,0.783,0.060 
YDR298C,,,
YDR299W,,,
YDR300C,,,
YDR301W,,,
YDR302W,,,
YDR303C,0.106,0.722,0.147 
YDR304C,0.050,0.917,0.055 
YDR306C,,,
YDR308C,0.039,0.625,0.062 
YDR309C,,,
YDR310C,,,
YDR311W,,,
YDR312W,,,
YDR313C,,,
YDR314C,,,
YDR315C,,,
YDR316W,,,
YDR317W,0.197,0.669,0.294 
YDR318W,0.093,1.032,0.091 
YDR319C,,,
YDR320C,0.220,0.830,0.265 
YDR321W,0.065,0.822,0.079 
YDR322W,0.106,0.634,0.167 
YDR326C,,,
YDR328C,0.031,0.614,0.050 
YDR329C,,,
YDR331W,0.076,0.737,0.103 
YDR332W,,,
YDR333C,0.109,0.735,0.148 
YDR336W,0.225,0.631,0.357 
YDR337W,,,
YDR338C,,,
YDR339C,0.017,0.631,0.027 
YDR341C,0.026,0.591,0.044 
YDR342C,0.038,0.458,0.082 
YDR346C,,,
YDR347W,,,
YDR351W,,,
YDR352W,0.099,0.827,0.120 
YDR353W,,,
YDR354W,0.079,0.968,0.082 
YDR356W,,,
YDR358W,0.185,0.798,0.232 
YDR361C,0.060,0.599,0.100 
YDR362C,,,
YDR363W,,,
YDR364C,0.103,0.649,0.160 
YDR365C,,,
YDR368W,0.037,0.726,0.051 
YDR369C,0.371,0.939,0.394 
YDR370C,0.225,0.648,0.347 
YDR371W,,,
YDR372C,0.030,0.580,0.051 
YDR373W,0.019,0.775,0.024 
YDR374C,0.106,0.840,0.126 
YDR375C,,,
YDR377W,0.058,0.507,0.115 
YDR379W,0.183,0.773,0.236 
YDR380W,,,
YDR382W,0.016,0.060,0.268 
YDR384C,,,
YDR385W,,,
YDR386W,,,
YDR387C,,,
YDR388W,,,
YDR389W,,,
YDR390C,0.126,0.992,0.127 
YDR391C,0.181,1.067,0.169 
YDR392W,0.026,0.714,0.036 
YDR393W,0.139,0.607,0.228 
YDR394W,0.011,0.438,0.024 
YDR395W,0.036,0.673,0.053 
YDR398W,0.074,0.665,0.111 
YDR399W,,,
YDR402C,,,
YDR403W,,,
YDR404C,,0.582, 
YDR405W,,,
YDR407C,0.111,0.749,0.148 
YDR408C,,,
YDR409W,,,
YDR411C,,,
YDR412W,,,
YDR414C,0.132,0.768,0.172 
YDR415C,0.121,1.148,0.105 
YDR418W,0.006,0.139,0.041 
YDR421W,,,
YDR425W,,,
YDR427W,0.041,0.619,0.066 
YDR428C,0.146,0.720,0.203 
YDR429C,0.030,0.373,0.081 
YDR430C,,,
YDR432W,0.031,0.410,0.075 
YDR434W,,,
YDR435C,0.121,0.798,0.152 
YDR436W,,,
YDR437W,0.084,0.879,0.096 
YDR438W,,,
YDR439W,0.178,0.708,0.252 
YDR440W,0.165,0.790,0.208 
YDR441C,0.094,0.779,0.121 
YDR443C,0.075,0.920,0.081 
YDR446W,0.147,0.910,0.161 
YDR448W,0.029,0.711,0.041 
YDR449C,0.057,0.810,0.070 
YDR451C,0.152,0.800,0.190 
YDR452W,0.115,0.764,0.151 
YDR453C,0.046,0.612,0.074 
YDR454C,0.063,0.620,0.102 
YDR456W,0.047,0.759,0.062 
YDR458C,0.219,0.760,0.289 
YDR459C,0.175,0.773,0.227 
YDR460W,0.019,0.655,0.030 
YDR461W,0.102,0.907,0.112 
YDR462W,0.082,1.104,0.074 
YDR464W,0.181,0.726,0.249 
YDR465C,,,
YDR466W,0.187,0.816,0.229 
YDR468C,0.070,0.580,0.120 
YDR469W,0.271,0.690,0.393 
YDR470C,0.084,0.729,0.116 
YDR472W,,,
YDR473C,,,
YDR474C,,,
YDR476C,,,
YDR477W,0.037,0.812,0.046 
YDR478W,0.256,0.887,0.289 
YDR479C,0.104,0.765,0.136 
YDR480W,0.294,0.855,0.344 
YDR481C,0.086,0.772,0.111 
YDR482C,0.153,0.644,0.237 
YDR483W,0.097,0.752,0.129 
YDR484W,0.092,0.819,0.112 
YDR487C,0.017,0.917,0.018 
YDR488C,,,
YDR489W,0.065,0.825,0.078 
YDR490C,0.150,0.732,0.205 
YDR492W,0.061,0.899,0.068 
YDR493W,0.100,0.732,0.137 
YDR495C,0.190,0.769,0.248 
YDR496C,,,
YDR497C,0.055,0.723,0.076 
YDR498C,0.131,0.953,0.137 
YDR499W,0.118,0.687,0.171 
YDR501W,0.197,0.848,0.232 
YDR502C,0.017,0.483,0.036 
YDR503C,,,
YDR505C,0.103,0.678,0.152 
YDR506C,0.217,0.970,0.224 
YDR507C,0.082,0.683,0.120 
YDR508C,0.069,0.777,0.088 
YDR510W,0.012,0.644,0.018 
YDR511W,0.100,1.092,0.092 
YDR513W,0.020,0.539,0.036 
YDR514C,0.130,0.819,0.159 
YDR515W,0.297,0.806,0.368 
YDR516C,0.024,0.827,0.029 
YDR517W,0.095,0.784,0.121 
YDR518W,0.105,0.824,0.127 
YDR519W,0.086,0.821,0.105 
YDR520C,0.128,0.978,0.131 
YDR524C,,,
YDR527W,0.119,0.829,0.143 
YDR528W,0.165,0.716,0.230 
YDR529C,0.042,0.785,0.054 
YDR530C,,,
YDR531W,0.044,0.514,0.087 
YDR532C,,,
YDR533C,,,
YDR534C,,,
YDR536W,,,
YDR538W,,,
YDR539W,0.073,0.787,0.092 
YDR540C,,,
YDR541C,,,
YEL001C,0.136,0.712,0.191 
YEL002C,0.088,0.570,0.154 
YEL004W,0.157,0.878,0.178 
YEL005C,0.250,0.681,0.367 
YEL006W,,,
YEL007W,0.108,0.758,0.143 
YEL009C,0.061,0.669,0.091 
YEL011W,0.034,0.736,0.046 
YEL013W,0.011,0.569,0.019 
YEL015W,,,
YEL016C,,,
YEL017W,,,
YEL018W,0.099,0.957,0.104 
YEL019C,,,
YEL020C,,,
YEL021W,0.027,0.882,0.030 
YEL023C,0.130,0.737,0.177 
YEL024W,0.018,0.573,0.032 
YEL025C,,,
YEL026W,,0.195, 
YEL027W,,0.211, 
YEL029C,0.045,0.899,0.050 
YEL030W,0.091,0.890,0.103 
YEL031W,0.034,0.528,0.064 
YEL032W,0.033,0.775,0.043 
YEL034W,0.029,0.246,0.116 
YEL036C,0.030,0.820,0.036 
YEL037C,0.061,0.710,0.086 
YEL038W,0.103,0.617,0.167 
YEL039C,0.040,0.537,0.074 
YEL040W,0.113,0.642,0.176 
YEL041W,0.135,0.864,0.156 
YEL043W,0.099,0.890,0.112 
YEL044W,0.083,1.024,0.081 
YEL046C,,,
YEL047C,,,
YEL048C,0.112,0.858,0.131 
YEL049W,,,
YEL050C,0.054,0.519,0.104 
YEL051W,0.012,0.331,0.036 
YEL052W,0.068,0.713,0.095 
YEL053C,0.135,0.741,0.182 
YEL054C,0.006,0.198,0.029 
YEL055C,,,
YEL056W,0.075,0.659,0.114 
YEL057C,0.165,0.688,0.239 
YEL058W,,,
YEL060C,0.104,0.686,0.152 
YEL063C,,,
YEL064C,0.070,0.776,0.090 
YEL065W,0.073,0.783,0.093 
YEL068C,,,
YEL070W,0.069,0.812,0.085 
YEL071W,,,
YEL072W,,,
YEL073C,,,
YER001W,,,
YER002W,,,
YER004W,0.109,1.015,0.107 
YER005W,0.091,0.743,0.122 
YER008C,,,
YER009W,0.009,0.627,0.015 
YER010C,0.091,0.806,0.113 
YER011W,0.155,0.570,0.271 
YER012W,0.029,0.545,0.054 
YER013W,0.100,0.729,0.137 
YER014W,0.108,0.792,0.137 
YER015W,0.093,0.694,0.134 
YER016W,,,
YER017C,0.065,0.927,0.070 
YER018C,0.135,0.687,0.196 
YER020W,,,
YER021W,0.044,0.633,0.070 
YER022W,0.102,0.782,0.131 
YER023W,0.022,0.730,0.030 
YER024W,0.067,0.810,0.083 
YER025W,0.015,0.406,0.037 
YER026C,0.050,0.758,0.066 
YER027C,0.069,0.676,0.102 
YER028C,0.341,0.974,0.350 
YER029C,0.087,0.900,0.097 
YER031C,0.017,0.493,0.035 
YER033C,0.233,0.967,0.241 
YER034W,0.278,0.862,0.323 
YER035W,0.209,0.740,0.282 
YER036C,,,
YER037W,0.084,0.700,0.120 
YER038C,0.201,0.776,0.259 
YER039C,0.079,0.918,0.086 
YER040W,0.093,0.723,0.129 
YER041W,0.174,0.735,0.238 
YER042W,0.055,0.753,0.073 
YER043C,,,
YER044C,0.037,0.388,0.096 
YER045C,,,
YER046W,,,
YER047C,0.156,0.798,0.196 
YER048C,0.055,0.878,0.063 
YER049W,0.047,0.702,0.067 
YER051W,,,
YER052C,0.029,0.623,0.047 
YER053C,0.030,0.643,0.047 
YER054C,0.147,0.801,0.183 
YER055C,0.047,0.621,0.076 
YER056C,0.037,0.643,0.058 
YER057C,0.078,0.483,0.162 
YER058W,0.071,0.523,0.135 
YER059W,0.128,0.666,0.192 
YER060W,0.059,0.936,0.063 
YER062C,0.017,0.816,0.021 
YER063W,0.184,0.725,0.254 
YER065C,0.029,0.794,0.037 
YER066W,,,
YER067W,0.032,1.124,0.028 
YER068W,0.056,0.699,0.080 
YER069W,,,
YER070W,0.029,0.548,0.053 
YER071C,0.191,0.913,0.209 
YER072W,0.015,0.419,0.036 
YER073W,,,
YER075C,,,
YER076C,,,
YER078C,0.066,0.732,0.090 
YER079W,0.090,0.982,0.092 
YER080W,0.079,0.787,0.101 
YER081W,0.020,0.603,0.033 
YER082C,0.044,0.691,0.064 
YER085C,,,
YER086W,0.025,0.588,0.043 
YER087W,,,
YER088C,0.148,0.839,0.177 
YER089C,0.080,1.254,0.063 
YER090W,,,
YER091C,,,
YER092W,,,
YER094C,0.023,0.725,0.032 
YER095W,0.042,0.784,0.053 
YER096W,,,
YER098W,0.180,0.917,0.196 
YER099C,0.021,0.768,0.027 
YER100W,0.057,0.713,0.080 
YER101C,0.072,0.852,0.085 
YER102W,0.017,0.188,0.090 
YER103W,0.026,0.737,0.035 
YER104W,0.229,0.750,0.306 
YER105C,0.196,0.753,0.261 
YER107C,0.037,0.647,0.057 
YER109C,,,
YER110C,0.022,0.595,0.036 
YER111C,0.099,0.697,0.142 
YER112W,0.083,0.535,0.155 
YER113C,0.099,0.733,0.135 
YER114C,0.126,0.790,0.159 
YER115C,0.147,0.896,0.164 
YER116C,0.271,0.730,0.372 
YER118C,0.045,0.713,0.063 
YER119C,0.085,0.977,0.087 
YER120W,0.081,0.503,0.161 
YER122C,0.064,0.905,0.071 
YER123W,0.050,0.620,0.080 
YER124C,0.130,0.712,0.183 
YER125W,0.015,0.531,0.028 
YER126C,0.016,0.470,0.034 
YER127W,0.097,0.632,0.154 
YER128W,,,
YER129W,0.140,0.726,0.192 
YER130C,0.153,0.834,0.183 
YER131W,0.021,0.270,0.077 
YER134C,0.084,0.707,0.119 
YER136W,0.012,0.549,0.022 
YER137C,0.212,1.160,0.183 
YER139C,,,
YER140W,0.096,0.762,0.126 
YER141W,0.044,0.587,0.076 
YER142C,0.122,0.779,0.156 
YER143W,0.075,0.663,0.114 
YER144C,0.178,1.013,0.175 
YER145C,,,
YER146W,0.040,0.418,0.096 
YER148W,0.008,0.488,0.016 
YER149C,,,
YER150W,0.092,0.853,0.108 
YER151C,0.126,1.028,0.123 
YER152C,,,
YER153C,,,
YER154W,0.056,0.747,0.075 
YER156C,0.034,0.932,0.036 
YER157W,0.111,0.868,0.127 
YER158C,0.177,0.864,0.205 
YER159C,,,
YER161C,0.097,0.625,0.155 
YER162C,,,
YER163C,,,
YER164W,0.057,0.695,0.081 
YER165W,0.010,0.302,0.032 
YER166W,,,
YER167W,0.093,0.770,0.121 
YER168C,,,
YER169W,0.072,0.845,0.085 
YER171W,,,
YER173W,0.159,0.744,0.214 
YER174C,0.068,0.747,0.091 
YER175C,0.105,0.936,0.113 
YER176W,0.129,0.755,0.171 
YER177W,0.011,0.590,0.019 
YER180C,0.191,0.618,0.308 
YER182W,0.085,0.709,0.120 
YER183C,0.081,0.541,0.149 
YER184C,,,
YER185W,,,
YER187W,,,
YFL001W,,,
YFL002C,0.071,0.697,0.102 
YFL003C,0.091,0.634,0.143 
YFL004W,0.068,0.519,0.130 
YFL005W,0.006,0.613,0.010 
YFL006W,0.038,0.696,0.054 
YFL008W,0.060,0.723,0.083 
YFL009W,,,
YFL010C,0.131,0.633,0.207 
YFL011W,,,
YFL013C,,,
YFL014W,0.062,0.353,0.177 
YFL016C,0.053,0.958,0.055 
YFL017C,0.064,0.855,0.075 
YFL018C,0.030,0.574,0.053 
YFL020C,,,
YFL022C,,,
YFL023W,,,
YFL024C,0.071,0.645,0.110 
YFL025C,0.134,0.674,0.200 
YFL026W,0.082,0.847,0.097 
YFL027C,0.135,0.756,0.179 
YFL028C,0.040,0.666,0.060 
YFL030W,0.058,0.866,0.067 
YFL034W,0.121,0.719,0.168 
YFL036W,0.062,0.774,0.081 
YFL037W,0.004,0.716,0.006 
YFL038C,,,
YFL040W,0.072,0.864,0.083 
YFL041W,,,
YFL044C,0.069,0.738,0.093 
YFL045C,0.031,0.355,0.088 
YFL053W,,,
YFL054C,,,
YFL055W,,,
YFL057C,,,
YFL058W,0.040,0.380,0.105 
YFL059W,0.063,0.759,0.082 
YFL060C,,,
YFL061W,,,
YFR002W,0.054,0.653,0.082 
YFR003C,,,
YFR004W,0.005,0.628,0.008 
YFR005C,,,
YFR006W,,,
YFR007W,0.154,0.661,0.233 
YFR008W,0.168,0.851,0.197 
YFR009W,0.035,0.562,0.062 
YFR010W,,,
YFR011C,0.047,0.957,0.049 
YFR013W,0.107,0.665,0.160 
YFR014C,0.091,0.707,0.129 
YFR015C,0.034,0.697,0.049 
YFR016C,0.555,1.110,0.500 
YFR017C,,,
YFR021W,0.044,0.725,0.060 
YFR022W,0.117,0.730,0.161 
YFR023W,0.067,0.656,0.103 
YFR025C,,,
YFR026C,,,
YFR027W,0.055,0.574,0.095 
YFR028C,0.042,0.650,0.064 
YFR029W,,,
YFR030W,,,
YFR031C,0.071,0.776,0.092 
YFR032C,0.158,1.097,0.144 
YFR033C,0.094,0.959,0.098 
YFR034C,,,
YFR036W,0.128,0.647,0.198 
YFR037C,0.047,0.770,0.061 
YFR039C,0.185,1.109,0.167 
YFR040W,,,
YFR041C,0.089,0.732,0.121 
YFR042W,,,
YFR043C,0.252,0.955,0.263 
YFR044C,0.034,0.669,0.051 
YFR045W,0.079,0.892,0.088 
YFR046C,,,
YFR047C,0.044,0.598,0.074 
YFR048W,0.091,0.767,0.119 
YFR049W,0.103,0.636,0.162 
YFR050C,,,
YFR051C,,,
YFR052W,0.058,0.813,0.071 
YFR053C,0.034,0.516,0.067 
YGL001C,0.028,0.605,0.046 
YGL002W,0.074,0.757,0.097 
YGL003C,0.044,0.680,0.065 
YGL004C,,,
YGL005C,0.176,0.865,0.204 
YGL006W,0.092,0.697,0.132 
YGL008C,0.023,0.174,0.131 
YGL009C,,,
YGL011C,,,
YGL012W,,,
YGL014W,,,
YGL015C,0.324,0.918,0.353 
YGL016W,0.077,0.597,0.129 
YGL017W,0.125,0.846,0.148 
YGL018C,0.067,0.656,0.102 
YGL019W,0.021,0.565,0.036 
YGL020C,,,
YGL022W,0.031,0.720,0.043 
YGL023C,,,
YGL026C,0.019,0.558,0.034 
YGL027C,0.085,0.655,0.130 
YGL028C,0.129,0.768,0.168 
YGL029W,0.062,0.568,0.109 
YGL031C,0.028,0.156,0.180 
YGL032C,0.228,0.775,0.294 
YGL035C,0.109,0.817,0.133 
YGL036W,0.178,0.748,0.238 
YGL037C,0.045,0.641,0.070 
YGL038C,0.143,0.767,0.186 
YGL039W,0.127,0.827,0.153 
YGL040C,0.038,0.625,0.060 
YGL043W,,,
YGL044C,0.054,0.743,0.073 
YGL047W,,,
YGL048C,,,
YGL049C,0.121,0.765,0.159 
YGL050W,,,
YGL054C,0.022,0.541,0.040 
YGL055W,,,
YGL056C,,,
YGL058W,0.005,0.637,0.007 
YGL061C,0.157,0.826,0.190 
YGL062W,0.023,0.732,0.031 
YGL063W,0.177,0.943,0.188 
YGL064C,,,
YGL065C,0.086,0.900,0.095 
YGL067W,0.080,0.834,0.096 
YGL068W,0.058,0.530,0.108 
YGL070C,0.007,0.607,0.011 
YGL071W,,,
YGL072C,,,
YGL073W,,,
YGL075C,,,
YGL077C,,,
YGL078C,0.043,0.623,0.068 
YGL080W,,,
YGL081W,,,
YGL082W,0.073,0.899,0.082 
YGL083W,,,
YGL084C,,,
YGL085W,0.088,0.730,0.120 
YGL089C,,,
YGL090W,,,
YGL091C,0.026,0.795,0.033 
YGL093W,,,
YGL094C,,,
YGL096W,,,
YGL097W,0.063,0.754,0.083 
YGL098W,,,
YGL099W,0.038,0.597,0.064 
YGL100W,0.047,0.524,0.090 
YGL101W,0.092,0.671,0.137 
YGL105W,0.044,0.464,0.094 
YGL106W,0.032,0.618,0.051 
YGL107C,0.121,0.834,0.145 
YGL108C,0.154,0.600,0.256 
YGL110C,,,
YGL111W,0.155,0.806,0.193 
YGL113W,,,
YGL114W,0.043,0.798,0.053 
YGL115W,0.025,0.563,0.044 
YGL116W,,,
YGL117W,,,
YGL119W,,,
YGL120C,0.018,0.701,0.026 
YGL121C,0.129,0.720,0.179 
YGL122C,0.056,0.774,0.073 
YGL123W,0.017,0.111,0.156 
YGL125W,,,
YGL126W,,,
YGL127C,,,
YGL130W,0.044,0.769,0.058 
YGL131C,,,
YGL133W,0.133,0.676,0.197 
YGL134W,,,
YGL135W,0.011,0.130,0.086 
YGL138C,0.233,1.005,0.231 
YGL139W,0.061,0.707,0.087 
YGL140C,0.064,0.763,0.084 
YGL141W,0.090,0.697,0.129 
YGL142C,,,
YGL143C,0.060,0.778,0.078 
YGL144C,0.076,1.001,0.076 
YGL145W,,,
YGL146C,,,
YGL147C,0.043,0.198,0.218 
YGL148W,0.014,0.688,0.021 
YGL150C,0.076,0.705,0.108 
YGL151W,,,
YGL153W,0.136,0.750,0.182 
YGL154C,,,
YGL155W,0.122,0.778,0.156 
YGL156W,,,
YGL157W,,,
YGL158W,,,
YGL159W,0.197,0.850,0.232 
YGL161C,0.101,0.820,0.123 
YGL162W,,,
YGL164C,0.088,0.765,0.115 
YGL166W,0.214,0.896,0.239 
YGL167C,0.042,0.612,0.069 
YGL169W,,,
YGL170C,,,
YGL171W,,,
YGL172W,0.099,0.799,0.124 
YGL174W,0.238,0.778,0.306 
YGL175C,,,
YGL176C,0.308,0.786,0.392 
YGL179C,0.191,0.747,0.255 
YGL180W,0.063,0.694,0.090 
YGL181W,0.094,0.857,0.109 
YGL183C,,,
YGL184C,,,
YGL185C,,,
YGL186C,,,
YGL187C,0.027,0.429,0.064 
YGL189C,0.005,0.089,0.051 
YGL190C,0.014,0.560,0.026 
YGL191W,0.009,0.951,0.010 
YGL192W,0.107,0.813,0.131 
YGL194C,,,
YGL197W,0.084,0.896,0.093 
YGL200C,0.023,0.762,0.030 
YGL201C,,,
YGL202W,0.053,0.636,0.083 
YGL203C,0.150,0.789,0.190 
YGL205W,0.048,0.884,0.054 
YGL206C,0.025,0.704,0.036 
YGL207W,,,
YGL208W,,,
YGL209W,0.066,0.863,0.077 
YGL210W,,,
YGL213C,,,
YGL215W,0.081,0.544,0.148 
YGL216W,,,
YGL219C,,,
YGL220W,,,
YGL221C,,,
YGL222C,0.131,0.558,0.235 
YGL223C,,,
YGL224C,0.060,0.773,0.078 
YGL225W,0.038,0.550,0.070 
YGL226W,0.116,0.591,0.196 
YGL227W,0.094,0.718,0.132 
YGL228W,0.139,0.987,0.141 
YGL230C,0.307,0.925,0.331 
YGL231C,0.093,0.601,0.155 
YGL233W,,,
YGL234W,0.032,0.632,0.051 
YGL237C,0.122,0.686,0.179 
YGL238W,0.037,0.623,0.059 
YGL241W,0.150,0.762,0.197 
YGL242C,0.052,0.729,0.072 
YGL244W,0.046,0.638,0.073 
YGL246C,,,
YGL247W,0.179,0.739,0.243 
YGL248W,,,
YGL249W,0.302,0.840,0.359 
YGL251C,0.129,0.819,0.157 
YGL252C,0.026,0.542,0.047 
YGL253W,0.029,0.325,0.090 
YGL254W,0.297,0.852,0.349 
YGL255W,,,
YGL258W,,,
YGR002C,0.078,0.729,0.106 
YGR003W,,,
YGR004W,0.096,0.546,0.177 
YGR005C,0.028,0.552,0.050 
YGR007W,,,
YGR008C,0.045,0.625,0.072 
YGR009C,,,
YGR010W,0.018,0.590,0.031 
YGR012W,,,
YGR013W,,,
YGR014W,,,
YGR015C,,,
YGR016W,0.113,0.569,0.198 
YGR017W,0.089,0.595,0.150 
YGR019W,,,
YGR020C,,,
YGR021W,,,
YGR023W,,,
YGR024C,0.043,0.903,0.048 
YGR026W,,,
YGR027C,,0.080, 
YGR028W,,,
YGR030C,0.213,0.675,0.316 
YGR033C,0.090,0.628,0.143 
YGR035C,0.196,0.626,0.313 
YGR036C,0.059,0.837,0.071 
YGR037C,,,
YGR038W,0.046,0.589,0.077 
YGR040W,0.017,0.881,0.019 
YGR041W,0.316,0.797,0.396 
YGR042W,0.281,0.853,0.329 
YGR043C,,,
YGR044C,0.290,0.807,0.359 
YGR046W,0.073,0.564,0.129 
YGR047C,,,
YGR048W,0.051,0.891,0.057 
YGR049W,0.060,0.614,0.098 
YGR052W,,,
YGR053C,0.231,0.891,0.259 
YGR054W,,,
YGR055W,0.036,0.623,0.058 
YGR058W,,,
YGR059W,,,
YGR060W,0.011,0.297,0.037 
YGR061C,0.034,0.550,0.062 
YGR062C,0.108,0.865,0.125 
YGR063C,0.016,0.859,0.019 
YGR065C,0.048,0.757,0.063 
YGR066C,0.153,0.978,0.156 
YGR068C,,,
YGR070W,,,
YGR071C,,,
YGR072W,0.124,0.657,0.188 
YGR074W,0.047,0.586,0.080 
YGR075C,0.149,0.753,0.197 
YGR076C,,,
YGR077C,0.214,0.819,0.261 
YGR078C,0.069,0.907,0.076 
YGR079W,0.153,0.644,0.238 
YGR080W,0.153,0.747,0.204 
YGR081C,,,
YGR082W,,,
YGR083C,0.062,0.699,0.089 
YGR085C,,,
YGR086C,,,
YGR087C,,,
YGR089W,,,
YGR090W,0.062,0.685,0.091 
YGR091W,0.194,0.793,0.245 
YGR092W,,,
YGR093W,0.149,0.764,0.195 
YGR094W,0.038,0.529,0.071 
YGR096W,0.094,0.824,0.114 
YGR097W,,,
YGR099W,,,
YGR100W,0.042,0.751,0.056 
YGR101W,0.104,0.825,0.126 
YGR102C,,,
YGR103W,0.059,0.498,0.119 
YGR104C,0.121,0.910,0.133 
YGR105W,0.075,0.826,0.091 
YGR106C,0.163,0.606,0.269 
YGR108W,0.082,0.747,0.109 
YGR110W,,,
YGR111W,0.143,0.723,0.198 
YGR112W,0.150,0.822,0.183 
YGR116W,0.027,0.631,0.043 
YGR117C,,,
YGR119C,0.095,0.722,0.132 
YGR121C,0.051,0.951,0.053 
YGR122W,0.198,1.171,0.169 
YGR123C,0.048,0.681,0.071 
YGR124W,0.039,0.585,0.066 
YGR125W,0.058,0.672,0.087 
YGR126W,,,
YGR127W,0.116,0.803,0.144 
YGR128C,,,
YGR129W,0.200,0.804,0.249 
YGR130C,0.146,0.828,0.176 
YGR131W,0.138,0.725,0.190 
YGR132C,,,
YGR134W,,,
YGR135W,0.010,0.637,0.016 
YGR136W,,,
YGR138C,,,
YGR141W,0.093,0.677,0.137 
YGR142W,0.223,0.714,0.313 
YGR143W,,,
YGR144W,0.013,0.477,0.027 
YGR145W,0.042,0.590,0.071 
YGR146C,0.105,0.555,0.190 
YGR147C,0.181,0.716,0.253 
YGR148C,0.047,0.260,0.182 
YGR149W,0.069,0.679,0.101 
YGR150C,0.179,0.808,0.222 
YGR152C,,,
YGR153W,,,
YGR154C,,,
YGR155W,,,
YGR156W,,,
YGR157W,,,
YGR159C,0.045,0.352,0.128 
YGR160W,,,
YGR161C,,,
YGR162W,0.095,0.503,0.188 
YGR163W,,,
YGR165W,0.054,0.571,0.095 
YGR166W,0.149,0.794,0.187 
YGR167W,0.101,0.633,0.159 
YGR168C,0.229,0.660,0.347 
YGR169C,,,
YGR170W,0.098,0.760,0.129 
YGR172C,0.025,0.705,0.035 
YGR173W,0.023,0.698,0.033 
YGR175C,0.017,0.407,0.042 
YGR177C,,,
YGR178C,0.079,0.667,0.119 
YGR180C,0.052,0.496,0.105 
YGR181W,0.039,0.693,0.057 
YGR184C,,,
YGR185C,,,
YGR187C,,,
YGR188C,,,
YGR189C,0.129,0.721,0.179 
YGR191W,0.059,0.567,0.103 
YGR192C,,,
YGR193C,0.148,0.683,0.216 
YGR195W,0.022,0.585,0.038 
YGR196C,,,
YGR198W,0.115,0.810,0.142 
YGR199W,0.083,0.748,0.111 
YGR200C,0.086,0.702,0.122 
YGR202C,,,
YGR203W,,,
YGR204W,0.027,0.703,0.039 
YGR205W,0.084,0.862,0.097 
YGR206W,0.101,0.489,0.207 
YGR207C,0.046,0.797,0.058 
YGR208W,,,
YGR209C,0.014,0.878,0.015 
YGR210C,,,
YGR211W,,,
YGR213C,0.188,0.907,0.208 
YGR215W,,,
YGR218W,0.017,0.645,0.027 
YGR220C,0.063,0.727,0.087 
YGR222W,0.196,0.963,0.203 
YGR223C,,,
YGR227W,0.071,0.675,0.106 
YGR229C,,,
YGR230W,,,
YGR232W,0.070,0.665,0.105 
YGR233C,,,
YGR234W,0.083,0.766,0.108 
YGR235C,0.131,0.784,0.168 
YGR237C,,,
YGR239C,0.265,0.676,0.392 
YGR240C,0.014,0.449,0.031 
YGR241C,0.106,0.931,0.114 
YGR243W,0.064,0.893,0.072 
YGR244C,,,
YGR245C,0.052,0.577,0.089 
YGR246C,0.052,0.783,0.067 
YGR247W,0.052,1.287,0.040 
YGR248W,0.115,1.362,0.084 
YGR249W,0.132,0.914,0.144 
YGR250C,0.090,0.738,0.123 
YGR251W,,,
YGR252W,0.035,0.644,0.054 
YGR253C,0.008,0.452,0.018 
YGR254W,,,
YGR255C,,,
YGR256W,0.038,0.781,0.049 
YGR257C,,,
YGR260W,,,
YGR261C,,,
YGR262C,0.068,0.704,0.096 
YGR263C,0.120,0.920,0.131 
YGR264C,0.048,0.606,0.080 
YGR266W,,,
YGR267C,0.009,0.617,0.014 
YGR268C,0.122,0.713,0.170 
YGR270W,,,
YGR274C,0.076,0.785,0.097 
YGR276C,0.080,0.769,0.104 
YGR278W,,,
YGR279C,,,
YGR280C,,,
YGR281W,,,
YGR282C,,,
YGR283C,0.156,0.805,0.194 
YGR284C,0.025,0.508,0.050 
YGR285C,0.031,0.463,0.068 
YGR286C,0.034,0.873,0.039 
YGR287C,0.044,0.790,0.056 
YGR288W,,,
YGR289C,,,
YGR292W,,,
YGR294W,,,
YHL002W,,,
YHL003C,,,
YHL004W,,,
YHL008C,,,
YHL009C,,,
YHL010C,,,
YHL011C,0.005,0.512,0.010 
YHL012W,0.210,0.728,0.289 
YHL013C,0.090,0.784,0.114 
YHL014C,,,
YHL015W,,0.125, 
YHL016C,,,
YHL017W,,,
YHL018W,,,
YHL019C,0.096,0.734,0.131 
YHL020C,0.116,0.680,0.170 
YHL021C,0.059,0.896,0.066 
YHL022C,,,
YHL023C,0.109,0.745,0.147 
YHL024W,,,
YHL025W,,,
YHL027W,,,
YHL028W,,,
YHL029C,0.078,0.833,0.094 
YHL031C,0.030,0.721,0.041 
YHL032C,0.051,0.958,0.053 
YHL033C,0.022,0.199,0.109 
YHL034C,0.052,0.455,0.115 
YHL036W,,,
YHL038C,0.201,1.072,0.188 
YHL039W,,,
YHL040C,0.076,0.794,0.096 
YHL044W,,,
YHR001W,0.051,0.870,0.059 
YHR002W,0.051,0.549,0.092 
YHR003C,0.100,0.784,0.128 
YHR004C,0.133,0.675,0.198 
YHR005C,0.048,0.675,0.071 
YHR006W,0.193,0.713,0.270 
YHR007C,0.034,0.390,0.086 
YHR008C,0.021,0.591,0.035 
YHR009C,0.044,0.737,0.060 
YHR011W,0.108,0.689,0.157 
YHR013C,0.021,0.818,0.026 
YHR014W,,,
YHR015W,0.201,0.755,0.266 
YHR017W,,,
YHR018C,0.022,0.628,0.036 
YHR019C,0.045,0.527,0.085 
YHR020W,0.032,0.553,0.058 
YHR023W,,,
YHR024C,,,
YHR025W,,,
YHR026W,0.011,0.308,0.035 
YHR028C,,,
YHR029C,,,
YHR030C,0.053,0.580,0.090 
YHR031C,,,
YHR033W,,,
YHR034C,,,
YHR035W,,,
YHR036W,,,
YHR037W,,,
YHR038W,0.100,0.681,0.147 
YHR039C,0.036,0.675,0.053 
YHR040W,,,
YHR042W,,,
YHR043C,,,
YHR044C,0.096,0.750,0.128 
YHR045W,,,
YHR046C,0.069,0.954,0.073 
YHR047C,0.097,0.724,0.134 
YHR048W,,,
YHR049W,,,
YHR050W,0.067,0.851,0.078 
YHR051W,,,
YHR052W,0.089,0.735,0.121 
YHR056C,,,
YHR057C,0.060,1.490,0.040 
YHR058C,0.055,1.037,0.053 
YHR059W,0.136,0.580,0.234 
YHR060W,0.171,0.883,0.194 
YHR061C,,,
YHR062C,0.056,0.734,0.076 
YHR063C,,,
YHR066W,0.057,0.655,0.086 
YHR067W,,,
YHR068W,0.019,0.444,0.044 
YHR069C,,,
YHR070W,,,
YHR071W,,,
YHR072W,,,
YHR073W,0.078,0.735,0.106 
YHR074W,0.023,0.665,0.035 
YHR075C,0.141,0.708,0.199 
YHR076W,0.096,0.579,0.166 
YHR078W,0.084,0.719,0.117 
YHR079C,0.094,0.752,0.125 
YHR080C,,,
YHR081W,,,
YHR082C,,,
YHR083W,0.180,0.903,0.200 
YHR084W,0.093,0.778,0.120 
YHR085W,0.079,0.791,0.100 
YHR086W,0.133,0.782,0.170 
YHR087W,,,
YHR088W,0.017,0.824,0.021 
YHR090C,0.059,0.676,0.088 
YHR091C,0.140,0.764,0.184 
YHR094C,,,
YHR096C,0.047,0.838,0.056 
YHR098C,0.040,0.692,0.057 
YHR100C,0.082,0.689,0.119 
YHR102W,0.103,0.793,0.129 
YHR103W,0.118,0.799,0.147 
YHR104W,0.041,1.157,0.036 
YHR105W,0.138,0.899,0.153 
YHR106W,0.075,0.884,0.085 
YHR107C,,,
YHR108W,0.076,0.616,0.123 
YHR109W,0.235,0.803,0.292 
YHR110W,0.112,0.718,0.156 
YHR111W,0.084,0.885,0.095 
YHR112C,0.041,0.715,0.057 
YHR113W,0.062,0.730,0.085 
YHR114W,0.085,0.690,0.123 
YHR115C,0.090,0.778,0.116 
YHR117W,0.120,0.852,0.140 
YHR118C,,,
YHR119W,,,
YHR120W,0.100,0.678,0.147 
YHR121W,0.046,0.589,0.078 
YHR122W,0.062,0.614,0.101 
YHR124W,0.093,0.621,0.150 
YHR126C,0.225,0.973,0.231 
YHR127W,0.185,0.846,0.218 
YHR129C,0.077,0.780,0.098 
YHR131C,,,
YHR132C,0.087,0.756,0.115 
YHR133C,,,
YHR137W,0.100,1.221,0.082 
YHR138C,0.162,0.766,0.211 
YHR139C,0.121,0.876,0.139 
YHR142W,0.046,0.788,0.059 
YHR143W,0.250,0.960,0.260 
YHR144C,,,
YHR146W,,,
YHR147C,0.073,0.683,0.107 
YHR148W,,,
YHR149C,,,
YHR151C,0.127,0.882,0.144 
YHR152W,0.151,0.673,0.224 
YHR153C,,,
YHR155W,,,
YHR156C,,,
YHR157W,0.244,0.848,0.288 
YHR158C,,,
YHR159W,0.207,0.721,0.287 
YHR160C,0.394,0.969,0.407 
YHR161C,0.145,0.829,0.175 
YHR162W,0.017,0.456,0.038 
YHR163W,0.170,0.783,0.218 
YHR164C,0.119,0.728,0.163 
YHR166C,,,
YHR167W,0.103,0.771,0.133 
YHR169W,,,
YHR170W,0.032,0.529,0.060 
YHR171W,0.111,0.651,0.170 
YHR172W,,,
YHR174W,,,
YHR177W,0.287,0.855,0.335 
YHR178W,0.068,0.834,0.081 
YHR179W,0.050,0.488,0.102 
YHR181W,,,
YHR182W,,,
YHR208W,0.026,0.502,0.052 
YHR215W,,,
YIL001W,,,
YIL002C,0.032,0.640,0.049 
YIL005W,0.149,0.796,0.187 
YIL006W,0.079,0.786,0.100 
YIL007C,0.113,0.866,0.131 
YIL008W,,,
YIL009W,,,
YIL010W,0.147,0.567,0.259 
YIL011W,0.191,0.751,0.254 
YIL013C,0.069,0.719,0.095 
YIL014W,,,
YIL015W,,,
YIL016W,0.136,0.739,0.183 
YIL017C,0.078,0.756,0.103 
YIL019W,0.117,0.699,0.168 
YIL020C,0.064,1.014,0.063 
YIL021W,0.024,0.628,0.038 
YIL022W,,,
YIL023C,0.153,1.172,0.130 
YIL024C,0.064,0.683,0.094 
YIL026C,0.093,0.754,0.124 
YIL027C,0.093,0.642,0.145 
YIL030C,,,
YIL031W,,,
YIL033C,0.037,0.748,0.050 
YIL034C,0.054,0.709,0.076 
YIL035C,0.031,0.554,0.056 
YIL037C,0.276,0.834,0.331 
YIL038C,0.093,0.679,0.136 
YIL039W,,,
YIL040W,0.095,0.961,0.099 
YIL041W,0.031,0.557,0.056 
YIL042C,0.071,0.792,0.089 
YIL044C,0.123,0.655,0.187 
YIL045W,,,
YIL047C,,,
YIL048W,,,
YIL049W,,,
YIL050W,0.164,0.819,0.200 
YIL051C,0.034,0.531,0.065 
YIL053W,0.020,0.220,0.092 
YIL056W,0.084,0.766,0.109 
YIL057C,,,
YIL061C,0.125,0.731,0.171 
YIL062C,0.045,0.531,0.084 
YIL063C,0.189,0.719,0.263 
YIL065C,0.025,0.788,0.031 
YIL066C,0.033,0.594,0.056 
YIL067C,,,
YIL068C,,,
YIL070C,0.036,0.691,0.051 
YIL071C,0.158,0.603,0.263 
YIL072W,0.079,0.769,0.103 
YIL073C,,,
YIL074C,0.027,0.716,0.038 
YIL075C,0.031,0.700,0.045 
YIL077C,,,
YIL078W,0.044,0.500,0.089 
YIL079C,0.126,0.827,0.152 
YIL082W,,,
YIL084C,0.025,0.754,0.033 
YIL085C,0.114,0.874,0.131 
YIL087C,0.057,0.917,0.062 
YIL088C,0.081,0.880,0.092 
YIL090W,0.028,0.684,0.041 
YIL091C,,,
YIL093C,0.073,0.598,0.121 
YIL094C,0.026,0.632,0.041 
YIL095W,0.141,0.719,0.196 
YIL096C,0.086,0.806,0.106 
YIL097W,0.101,0.897,0.112 
YIL098C,0.127,0.662,0.192 
YIL099W,0.151,0.975,0.155 
YIL104C,0.082,0.839,0.098 
YIL105C,0.043,0.701,0.061 
YIL107C,0.064,0.631,0.102 
YIL108W,,,
YIL109C,0.025,0.698,0.035 
YIL110W,0.147,0.724,0.203 
YIL112W,0.176,0.948,0.185 
YIL113W,,,
YIL114C,0.140,1.260,0.111 
YIL115C,,,
YIL117C,,,
YIL118W,0.023,0.638,0.036 
YIL119C,0.102,0.660,0.155 
YIL120W,,,
YIL122W,0.140,0.911,0.154 
YIL123W,0.120,0.795,0.150 
YIL124W,0.081,0.671,0.121 
YIL125W,0.031,0.687,0.045 
YIL126W,0.063,0.697,0.090 
YIL127C,0.106,0.831,0.127 
YIL128W,0.100,0.801,0.125 
YIL130W,0.089,0.723,0.123 
YIL131C,,,
YIL132C,,,
YIL134W,0.100,0.735,0.136 
YIL135C,0.092,0.579,0.159 
YIL136W,0.079,0.817,0.097 
YIL137C,0.111,0.765,0.145 
YIL138C,0.038,0.577,0.066 
YIL139C,0.102,0.693,0.148 
YIL140W,0.114,0.871,0.130 
YIL142W,0.014,0.694,0.020 
YIL143C,0.027,0.617,0.044 
YIL144W,,,
YIL146C,0.135,0.714,0.190 
YIL147C,,,
YIL149C,0.244,0.757,0.322 
YIL150C,0.097,0.878,0.110 
YIL151C,0.091,0.688,0.132 
YIL152W,0.159,0.686,0.231 
YIL153W,0.066,0.838,0.078 
YIL154C,0.096,0.461,0.208 
YIL155C,,,
YIL156W,,,
YIL158W,0.200,1.064,0.188 
YIL159W,0.147,0.778,0.189 
YIL160C,0.041,0.709,0.057 
YIL161W,0.308,0.622,0.495 
YIL162W,0.048,0.603,0.080 
YIL165C,,,
YIL166C,0.069,0.786,0.088 
YIL167W,,,
YIL170W,,,
YIL172C,,,
YIR001C,0.126,0.771,0.163 
YIR002C,0.111,0.700,0.159 
YIR003W,,,
YIR004W,0.084,0.698,0.120 
YIR005W,,,
YIR006C,,,
YIR007W,0.098,0.723,0.135 
YIR008C,0.050,0.586,0.085 
YIR009W,0.083,0.516,0.160 
YIR010W,,,
YIR011C,0.093,0.659,0.141 
YIR012W,0.056,0.814,0.069 
YIR013C,0.111,0.846,0.131 
YIR015W,0.106,1.095,0.097 
YIR016W,,,
YIR018W,0.139,0.822,0.169 
YIR019C,,,
YIR021W,,,
YIR022W,,,
YIR023W,,,
YIR024C,0.202,0.694,0.291 
YIR025W,,,
YIR026C,,,
YIR027C,,,
YIR028W,0.046,0.615,0.075 
YIR029W,,,
YIR030C,,,
YIR031C,0.037,0.677,0.055 
YIR032C,,,
YIR033W,0.079,0.802,0.099 
YIR034C,0.030,0.537,0.056 
YIR035C,,,
YIR036C,0.133,0.780,0.170 
YIR037W,0.051,0.702,0.073 
YIR038C,0.064,0.699,0.092 
YIR039C,,,
YIR041W,0.078,0.333,0.234 
YIR042C,0.070,0.328,0.214 
YJL002C,,,
YJL003W 
YJL004C 
YJL006C 
YJL008C 
YJL010C 
YJL011C 
YJL016W 
YJL023C 
YJL025W 
YJL026W 
YJL029C 
YJL030W 
YJL033W 
YJL035C 
YJL036W 
YJL037W 
YJL038C,0.163,0.953,0.171 
YJL039C,0.086,0.719,0.120 
YJL042W,0.108,0.828,0.131 
YJL043W,0.277,0.938,0.296 
YJL045W,0.050,0.829,0.061 
YJL047C,,,
YJL049W,,,
YJL050W,,,
YJL052W,0.021,0.239,0.087 
YJL053W,,,
YJL054W,,,
YJL056C,,,
YJL058C,0.122,0.829,0.147 
YJL059W,0.066,0.651,0.102 
YJL060W,0.042,0.794,0.053 
YJL061W,0.154,0.796,0.193 
YJL062W,,,
YJL063C,,,
YJL065C,0.125,0.671,0.187 
YJL066C,0.112,0.798,0.141 
YJL068C,,,
YJL070C,0.090,0.724,0.124 
YJL072C,0.071,0.505,0.142 
YJL073W,0.109,0.812,0.135 
YJL074C,,,
YJL076W,0.161,0.826,0.195 
YJL079C,,,
YJL080C,,,
YJL081C,0.062,0.749,0.083 
YJL082W,0.052,0.698,0.075 
YJL083W,,,
YJL085W,0.037,0.762,0.048 
YJL087C,,,
YJL088W,0.070,0.754,0.094 
YJL089W,0.133,0.944,0.141 
YJL090C,,,
YJL092W,0.100,0.738,0.135 
YJL094C,,,
YJL095W,,,
YJL097W,0.084,0.702,0.119 
YJL098W,0.155,0.818,0.189 
YJL099W,,,
YJL100W,,,
YJL101C,0.058,0.851,0.069 
YJL103C,0.145,0.902,0.161 
YJL104W,0.054,0.524,0.103 
YJL106W,0.050,0.650,0.078 
YJL108C,,,
YJL110C,0.200,0.792,0.253 
YJL111W,,,
YJL112W,0.117,0.777,0.151 
YJL115W,0.069,0.962,0.072 
YJL116C,0.075,1.011,0.074 
YJL117W,0.098,0.776,0.126 
YJL118W,0.165,0.520,0.318 
YJL121C,0.026,0.727,0.036 
YJL122W,,,
YJL123C,0.118,0.779,0.151 
YJL124C,0.049,0.691,0.071 
YJL126W,0.109,0.981,0.112 
YJL127C,0.096,0.711,0.135 
YJL128C,,,
YJL129C,0.129,0.722,0.178 
YJL131C,,,
YJL132W,,,
YJL133W,0.039,0.708,0.055 
YJL134W,0.092,0.849,0.109 
YJL137C,0.165,0.958,0.172 
YJL138C,0.014,0.169,0.082 
YJL140W,,,
YJL141C,,,
YJL143W,0.013,0.493,0.026 
YJL144W,0.204,0.692,0.294 
YJL145W,0.060,0.998,0.060 
YJL146W,0.096,0.935,0.103 
YJL147C,0.211,0.878,0.241 
YJL148W,0.114,0.640,0.178 
YJL149W,0.070,0.770,0.091 
YJL151C,,,
YJL154C,0.063,0.826,0.076 
YJL155C,0.051,0.849,0.060 
YJL157C,,,
YJL158C,0.082,0.496,0.164 
YJL161W,0.207,0.719,0.288 
YJL163C,0.112,0.814,0.138 
YJL164C,0.064,0.891,0.072 
YJL165C,0.083,0.783,0.105 
YJL166W,,,
YJL167W,0.024,0.561,0.043 
YJL168C,0.086,0.797,0.108 
YJL170C,0.208,0.574,0.362 
YJL171C,0.082,0.607,0.135 
YJL172W,0.063,0.578,0.109 
YJL173C,0.049,0.715,0.069 
YJL174W,,,
YJL176C,0.163,0.740,0.220 
YJL178C,0.132,0.646,0.205 
YJL179W,0.043,0.465,0.092 
YJL180C,0.105,0.665,0.158 
YJL183W,0.076,0.810,0.094 
YJL184W,0.076,0.731,0.104 
YJL185C,0.179,0.739,0.243 
YJL186W,0.136,0.777,0.175 
YJL187C,0.092,0.873,0.105 
YJL190C,0.004,0.127,0.032 
YJL192C,0.093,0.762,0.123 
YJL193W,0.119,0.731,0.162 
YJL194W,0.072,0.956,0.075 
YJL195C,,,
YJL196C,0.159,0.841,0.190 
YJL197W,,,
YJL198W,0.060,0.815,0.073 
YJL200C,0.029,0.589,0.050 
YJL201W,0.075,0.637,0.118 
YJL203W,0.230,0.898,0.256 
YJL204C,0.105,0.797,0.132 
YJL206C,,,
YJL208C,,,
YJL209W,0.105,0.666,0.157 
YJL210W,,,
YJL212C,0.040,0.719,0.055 
YJL213W,0.075,0.760,0.099 
YJL214W,,,
YJL216C,,,
YJL217W,0.115,0.731,0.158 
YJL218W,,,
YJL219W,,,
YJR001W,,,
YJR002W,,,
YJR004C,,,
YJR005W,,,
YJR006W,,,
YJR007W,,,
YJR008W,,,
YJR009C,,,
YJR010W,,,
YJR011C,,,
YJR013W,,,
YJR014W,,,
YJR015W,,,
YJR016C,,,
YJR019C,,,
YJR024C,,,
YJR025C,0.045,0.626,0.071 
YJR031C,,,
YJR032W,0.113,0.699,0.162 
YJR033C,,,
YJR034W,0.046,0.863,0.053 
YJR036C,,,
YJR039W,,,
YJR040W,,,
YJR041C,0.172,0.731,0.235 
YJR042W,0.100,0.685,0.146 
YJR043C,0.129,1.012,0.128 
YJR044C,,,
YJR045C,0.013,0.450,0.028 
YJR046W,,,
YJR047C,0.034,0.260,0.131 
YJR048W,0.007,0.595,0.012 
YJR049C,0.046,0.864,0.054 
YJR050W,0.105,0.773,0.136 
YJR051W,,,
YJR052W,0.108,0.797,0.136 
YJR053W,0.149,0.835,0.178 
YJR054W,0.139,0.871,0.159 
YJR055W,0.183,0.710,0.258 
YJR056C,,,
YJR058C,0.023,0.727,0.031 
YJR059W,0.094,0.775,0.121 
YJR060W,0.139,0.902,0.154 
YJR061W,0.169,0.826,0.205 
YJR063W,0.011,0.621,0.017 
YJR064W,0.019,0.482,0.040 
YJR065C,0.014,0.622,0.023 
YJR068W,0.040,0.684,0.059 
YJR069C,0.054,0.837,0.064 
YJR070C,,,
YJR072C,,,
YJR073C,0.052,0.645,0.081 
YJR075W,0.063,0.761,0.083 
YJR076C,0.036,0.612,0.059 
YJR077C,0.016,0.577,0.028 
YJR078W,0.134,0.744,0.179 
YJR080C,0.105,0.740,0.143 
YJR082C,0.071,0.688,0.104 
YJR083C,0.192,0.933,0.206 
YJR084W,0.089,0.749,0.119 
YJR085C,0.043,0.560,0.077 
YJR086W,0.066,0.701,0.094 
YJR088C,0.072,0.829,0.087 
YJR089W,,,
YJR090C,0.067,0.689,0.097 
YJR091C,0.067,0.811,0.082 
YJR093C,0.117,0.835,0.141 
YJR094C,0.167,0.799,0.209 
YJR095W,0.031,0.650,0.048 
YJR096W,0.043,0.674,0.064 
YJR097W,,,
YJR099W,0.152,0.628,0.242 
YJR100C,,,
YJR101W,,,
YJR102C,0.094,0.679,0.139 
YJR104C,,,
YJR105W,,,
YJR106W,,,
YJR109C,0.029,0.718,0.041 
YJR110W,0.070,0.830,0.084 
YJR111C,0.036,0.744,0.048 
YJR112W,0.097,0.728,0.134 
YJR113C,,,
YJR116W,0.085,0.620,0.137 
YJR117W,0.039,0.626,0.063 
YJR118C,,,
YJR119C,0.128,0.849,0.150 
YJR121W,,,
YJR122W,0.161,0.928,0.174 
YJR123W,0.004,0.059,0.070 
YJR124C,,,
YJR125C,0.116,0.737,0.158 
YJR129C,0.190,1.030,0.185 
YJR130C,0.069,0.802,0.087 
YJR131W,,,
YJR132W,,,
YJR133W,0.063,0.609,0.103 
YJR134C,0.167,0.703,0.238 
YJR135C,0.201,0.777,0.259 
YJR136C,,,
YJR137C,,,
YJR138W,0.084,0.732,0.114 
YJR139C,0.025,0.505,0.049 
YJR140C,0.084,0.723,0.116 
YJR141W,,,
YJR142W,0.108,0.872,0.124 
YJR143C,0.059,0.764,0.078 
YJR144W,0.121,0.725,0.167 
YJR147W,,,
YJR148W,0.077,0.982,0.078 
YJR150C,,,
YJR151C,,,
YJR152W,0.040,0.985,0.041 
YJR153W,0.074,0.771,0.096 
YJR155W,,,
YJR156C,,,
YJR159W,,,
YKL001C,,,
YKL002W,0.044,0.714,0.062 
YKL003C,0.043,0.604,0.071 
YKL004W,0.036,0.638,0.057 
YKL005C,0.180,0.768,0.235 
YKL007W,,,
YKL008C,,,
YKL009W,0.034,0.441,0.077 
YKL010C,,,
YKL011C,0.168,0.818,0.206 
YKL012W,0.132,0.699,0.189 
YKL013C,0.002,0.649,0.004 
YKL014C,,,
YKL016C,0.043,0.542,0.080 
YKL017C,0.059,0.777,0.076 
YKL018W,,,
YKL019W,0.130,0.834,0.156 
YKL020C,,,
YKL023W,0.270,0.773,0.349 
YKL024C,0.069,0.874,0.079 
YKL025C,0.084,0.822,0.102 
YKL026C,,,
YKL027W,,,
YKL028W,0.066,0.751,0.088 
YKL029C,0.031,0.786,0.039 
YKL032C,0.062,0.873,0.071 
YKL033W,,,
YKL034W,0.058,0.742,0.078 
YKL035W,,,
YKL038W,0.094,0.854,0.110 
YKL040C,,,
YKL041W,0.049,0.834,0.059 
YKL042W,0.109,0.788,0.139 
YKL043W,,,
YKL045W,,,
YKL046C,0.017,0.755,0.022 
YKL047W,0.181,0.644,0.281 
YKL048C,0.158,0.802,0.198 
YKL049C,,,
YKL050C,0.298,0.857,0.348 
YKL051W,,,
YKL052C,,,
YKL054C,,,
YKL055C,0.181,0.832,0.217 
YKL056C,0.022,0.183,0.118 
YKL057C,0.102,0.669,0.152 
YKL058W,0.004,0.634,0.007 
YKL059C,,,
YKL060C,0.033,0.082,0.404 
YKL061W,0.105,0.789,0.133 
YKL062W,0.120,0.712,0.168 
YKL063C,,,
YKL064W,,,
YKL065C,0.055,0.714,0.077 
YKL067W,0.041,0.712,0.057 
YKL068W,,,
YKL069W,,,
YKL071W,,,
YKL073W,0.128,0.752,0.170 
YKL074C,,,
YKL075C,,,
YKL077W,,,
YKL078W,,,
YKL079W,,,
YKL080W,0.019,0.488,0.039 
YKL082C,,,
YKL084W,,,
YKL085W,0.031,0.783,0.039 
YKL086W,,,
YKL087C,0.083,1.083,0.076 
YKL088W,,,
YKL089W,0.088,0.721,0.123 
YKL090W,,,
YKL091C,0.042,0.770,0.054 
YKL092C,,,
YKL093W,,,
YKL094W,0.063,1.003,0.063 
YKL095W,,,
YKL096W,0.174,0.866,0.202 
YKL098W,0.158,0.918,0.173 
YKL100C,0.063,0.863,0.073 
YKL101W,,,
YKL103C,0.103,0.885,0.116 
YKL104C,0.022,0.588,0.037 
YKL105C,,,
YKL106W,0.075,0.646,0.117 
YKL107W,0.085,1.156,0.074 
YKL108W,0.204,0.917,0.222 
YKL109W,0.126,0.748,0.168 
YKL110C,0.040,0.843,0.048 
YKL112W,0.090,0.898,0.100 
YKL113C,,,
YKL114C,,,
YKL116C,,,
YKL117W,0.038,0.565,0.067 
YKL119C,,,
YKL120W,0.034,0.616,0.055 
YKL121W,0.129,0.696,0.185 
YKL122C,,,
YKL124W,,,
YKL125W,0.060,0.560,0.108 
YKL126W,0.027,0.669,0.040 
YKL127W,,,
YKL128C,,,
YKL129C,0.086,0.738,0.116 
YKL130C,0.067,0.654,0.102 
YKL132C,0.194,0.663,0.292 
YKL133C,0.222,0.667,0.333 
YKL134C,0.081,0.692,0.117 
YKL135C,0.060,0.794,0.076 
YKL137W,0.067,0.794,0.084 
YKL138C,0.048,0.727,0.066 
YKL139W,0.102,0.725,0.141 
YKL140W,0.078,0.782,0.100 
YKL141W,,,
YKL142W,,,
YKL143W,,,
YKL144C,,,
YKL145W,,,
YKL146W,0.110,0.800,0.138 
YKL148C,0.028,0.607,0.047 
YKL149C,0.148,0.832,0.178 
YKL150W,,,
YKL151C,0.048,0.747,0.065 
YKL152C,0.033,0.140,0.234 
YKL154W,0.109,0.647,0.169 
YKL155C,0.142,0.781,0.182 
YKL160W,0.047,0.645,0.074 
YKL162C,0.155,0.708,0.218 
YKL163W,0.040,0.768,0.053 
YKL164C,0.040,0.695,0.058 
YKL165C,0.048,0.802,0.060 
YKL166C,,,
YKL170W,0.014,0.753,0.019 
YKL172W,0.109,0.763,0.143 
YKL173W,,,
YKL175W,,,
YKL176C,0.090,0.796,0.113 
YKL178C,0.091,0.808,0.112 
YKL181W,0.016,0.594,0.027 
YKL183W,0.083,0.520,0.159 
YKL184W,0.095,0.901,0.106 
YKL185W,0.098,0.635,0.155 
YKL187C,,,
YKL188C,0.087,0.740,0.117 
YKL189W,0.039,0.790,0.049 
YKL191W,,,
YKL192C,0.063,0.753,0.083 
YKL193C,0.070,0.812,0.087 
YKL194C,0.058,0.877,0.066 
YKL196C,,,
YKL197C,,,
YKL204W,,,
YKL205W,0.051,0.630,0.080 
YKL206C,0.116,0.792,0.146 
YKL208W,0.160,0.879,0.182 
YKL209C,,,
YKL210W,0.034,0.708,0.048 
YKL211C,0.063,0.758,0.083 
YKL212W,0.057,0.682,0.084 
YKL213C,,,
YKL214C,0.122,0.626,0.195 
YKL215C,,,
YKL216W,0.027,0.707,0.038 
YKL217W,,,
YKL218C,,,
YKL220C,,,
YKL221W,,,
YKR001C,0.022,0.554,0.040 
YKR002W,0.025,0.595,0.041 
YKR004C,,,
YKR005C,0.399,0.814,0.491 
YKR007W,0.125,0.739,0.169 
YKR008W,0.080,0.645,0.123 
YKR009C,0.068,0.770,0.089 
YKR010C,,,
YKR011C,0.128,1.075,0.119 
YKR013W,,,
YKR014C,0.048,0.681,0.070 
YKR015C,,,
YKR017C,0.064,0.645,0.099 
YKR018C,,,
YKR019C,0.157,0.823,0.190 
YKR020W,0.214,0.782,0.274 
YKR021W,0.106,0.891,0.119 
YKR022C,0.242,0.760,0.318 
YKR023W,,,
YKR024C,0.071,0.759,0.093 
YKR025W,,,
YKR026C,,,
YKR027W,,,
YKR029C,,,
YKR030W,0.069,0.746,0.093 
YKR031C,,,
YKR034W,0.067,0.776,0.086 
YKR036C,,,
YKR039W,0.065,0.658,0.099 
YKR043C,,,
YKR044W,0.141,0.819,0.173 
YKR046C,0.047,0.705,0.066 
YKR048C,,,
YKR049C,,,
YKR050W,,,
YKR051W,0.080,0.786,0.102 
YKR052C,0.031,0.673,0.046 
YKR053C,,,
YKR055W,,,
YKR058W,0.322,1.165,0.276 
YKR059W,0.011,0.183,0.061 
YKR060W,0.085,0.663,0.129 
YKR061W,0.096,0.775,0.123 
YKR062W,0.025,0.723,0.034 
YKR063C,0.150,0.712,0.211 
YKR064W,0.156,0.888,0.175 
YKR065C,0.087,0.758,0.115 
YKR066C,0.082,0.996,0.082 
YKR067W,,,
YKR068C,0.027,0.870,0.031 
YKR070W,0.065,0.778,0.084 
YKR071C,0.124,0.765,0.162 
YKR072C,,,
YKR074W,0.071,0.757,0.094 
YKR075C,0.154,0.789,0.195 
YKR076W,0.071,0.896,0.079 
YKR077W,0.133,0.836,0.160 
YKR078W,,,
YKR079C,0.096,0.821,0.117 
YKR080W,0.027,0.747,0.036 
YKR081C,0.040,0.482,0.083 
YKR082W,,,
YKR083C,0.102,0.995,0.102 
YKR084C,0.093,0.837,0.111 
YKR085C,0.137,0.711,0.193 
YKR086W,,,
YKR088C,0.077,0.725,0.106 
YKR089C,0.073,0.701,0.104 
YKR090W,0.204,0.920,0.222 
YKR092C,,,
YKR093W,,,
YKR096W,0.129,0.755,0.171 
YKR097W,,,
YKR098C,0.163,0.841,0.194 
YKR102W,,,
YKR105C,,,
YLL001W,0.022,0.529,0.042 
YLL002W,,,
YLL003W,0.182,0.678,0.268 
YLL004W,0.061,0.706,0.087 
YLL005C,0.121,0.748,0.162 
YLL007C,,,
YLL008W,,,
YLL009C,,,
YLL010C,,,
YLL011W,,,
YLL012W,,,
YLL013C,,,
YLL014W,0.063,0.667,0.094 
YLL016W,0.190,0.884,0.215 
YLL018C,0.019,0.531,0.036 
YLL019C,0.053,0.893,0.059 
YLL023C,0.084,0.704,0.119 
YLL024C,0.011,0.199,0.057 
YLL025W,0.045,0.407,0.110 
YLL026W,0.019,0.545,0.034 
YLL027W,0.111,0.723,0.154 
YLL028W,0.048,0.717,0.067 
YLL029W,0.084,0.867,0.096 
YLL031C,,,
YLL033W,0.151,0.711,0.212 
YLL034C,,,
YLL035W,0.102,0.849,0.120 
YLL036C,0.188,0.950,0.198 
YLL038C,0.062,1.120,0.055 
YLL039C,0.010,0.991,0.010 
YLL041C,0.036,0.467,0.077 
YLL042C,0.220,0.710,0.310 
YLL043W,0.052,0.746,0.070 
YLL045C,0.020,0.202,0.097 
YLL046C,0.169,0.562,0.300 
YLL049W,0.274,0.771,0.355 
YLL051C,0.159,0.972,0.164 
YLL053C,0.049,0.757,0.064 
YLL055W,0.068,0.749,0.091 
YLL056C,0.179,0.816,0.219 
YLL057C,,,
YLL060C,,,
YLL061W,0.062,0.827,0.075 
YLL062C,0.168,0.859,0.196 
YLR001C,,,
YLR002C,0.074,0.526,0.141 
YLR003C,0.103,0.686,0.151 
YLR005W,,,
YLR006C,,,
YLR007W,0.122,0.794,0.154 
YLR008C,0.066,0.875,0.075 
YLR009W,0.026,0.285,0.091 
YLR010C,,,
YLR013W,0.221,1.021,0.216 
YLR014C,,,
YLR015W,,,
YLR016C,,,
YLR017W,,,
YLR018C,0.185,0.771,0.240 
YLR019W,,,
YLR021W,0.123,0.757,0.162 
YLR022C,0.045,0.605,0.075 
YLR023C,,,
YLR025W,0.067,0.746,0.090 
YLR026C,0.051,0.755,0.067 
YLR028C,0.015,0.808,0.019 
YLR029C,0.010,0.052,0.194 
YLR032W,,,
YLR033W,0.098,0.761,0.129 
YLR034C,0.030,0.690,0.043 
YLR035C,0.208,0.798,0.261 
YLR037C,,,
YLR038C,0.015,0.660,0.023 
YLR040C,0.198,0.801,0.248 
YLR042C,0.159,0.660,0.242 
YLR043C,0.015,0.492,0.031 
YLR044C,0.014,0.123,0.116 
YLR046C,,,
YLR047C,,,
YLR050C,0.088,0.893,0.099 
YLR051C,0.105,0.840,0.125 
YLR052W,0.073,0.652,0.112 
YLR053C,,,
YLR054C,,,
YLR055C,0.100,0.868,0.116 
YLR056W,0.040,0.669,0.061 
YLR057W,0.168,0.709,0.238 
YLR058C,,,
YLR059C,0.081,0.614,0.132 
YLR060W,0.029,0.605,0.048 
YLR064W,0.048,0.614,0.078 
YLR065C,0.113,0.816,0.139 
YLR066W,0.076,0.874,0.087 
YLR067C,0.097,0.709,0.137 
YLR068W,,,
YLR069C,0.035,0.679,0.051 
YLR070C,0.108,1.133,0.095 
YLR072W,0.114,0.759,0.150 
YLR073C,0.097,0.775,0.126 
YLR074C,,,
YLR075W,0.025,0.105,0.241 
YLR077W,0.105,0.851,0.124 
YLR079W,0.102,0.676,0.151 
YLR082C,0.133,0.790,0.168 
YLR084C,0.148,0.797,0.186 
YLR085C,0.071,0.972,0.073 
YLR086W,0.104,0.722,0.143 
YLR088W,,,
YLR089C,0.043,0.620,0.069 
YLR090W,0.129,0.769,0.168 
YLR092W,0.069,0.820,0.085 
YLR094C,0.159,0.791,0.202 
YLR095C,,,
YLR096W,,,
YLR097C,,,
YLR098C,,,
YLR099C,,,
YLR100W,0.059,0.906,0.065 
YLR102C,,,
YLR103C,,,
YLR104W,0.133,0.979,0.135 
YLR105C,,,
YLR107W,,,
YLR108C,,,
YLR109W,0.030,0.447,0.068 
YLR110C,0.025,0.187,0.136 
YLR113W,0.023,0.704,0.032 
YLR115W,0.097,0.816,0.118 
YLR116W,,,
YLR117C,,,
YLR118C,0.073,0.851,0.086 
YLR120C,,,
YLR121C,,,
YLR125W,0.415,0.893,0.464 
YLR126C,0.111,0.704,0.158 
YLR129W,,,
YLR130C,,,
YLR131C,0.148,0.717,0.206 
YLR132C,0.256,0.846,0.302 
YLR133W,0.085,0.919,0.093 
YLR134W,,,
YLR135W,0.224,0.803,0.279 
YLR136C,0.098,0.942,0.105 
YLR137W,0.147,0.737,0.199 
YLR138W,,,
YLR139C,,,
YLR141W,,,
YLR142W,,,
YLR143W,0.196,0.795,0.246 
YLR144C,,,
YLR145W,,,
YLR146C,,,
YLR149C,0.080,0.675,0.118 
YLR150W,0.066,0.201,0.326 
YLR153C,,,
YLR154C,0.163,0.791,0.206 
YLR163C,0.040,0.840,0.048 
YLR166C,,,
YLR167W,0.004,0.125,0.028 
YLR168C,,,
YLR170C,,,
YLR172C,,,
YLR173W,,,
YLR174W,,,
YLR175W,,,
YLR177W,,,
YLR178C,,,
YLR179C,,,
YLR180W,,,
YLR181C,,,
YLR182W,0.100,0.608,0.165 
YLR183C,,,
YLR186W,0.015,0.523,0.029 
YLR188W,,,
YLR189C,0.086,0.722,0.120 
YLR190W,0.145,0.844,0.172 
YLR191W,,,
YLR192C,0.050,0.582,0.085 
YLR193C,0.043,0.825,0.052 
YLR194C,0.224,0.868,0.258 
YLR195C,,,
YLR196W,,,
YLR197W,0.021,0.363,0.059 
YLR199C,0.155,0.721,0.215 
YLR200W,,,
YLR201C,0.072,0.770,0.094 
YLR203C,0.063,0.912,0.069 
YLR204W,0.133,0.670,0.199 
YLR205C,0.075,0.668,0.113 
YLR206W,0.064,0.855,0.075 
YLR207W,,,
YLR208W,,,
YLR209C,,,
YLR212C,0.026,0.705,0.037 
YLR215C,,,
YLR216C,0.036,0.676,0.053 
YLR219W,0.181,0.770,0.235 
YLR220W,0.051,0.689,0.074 
YLR221C,0.189,0.778,0.243 
YLR222C,0.070,0.772,0.091 
YLR223C,,,
YLR224W,,,
YLR225C,,,
YLR226W,,,
YLR227C,,,
YLR228C,0.078,0.869,0.089 
YLR229C,0.006,0.524,0.011 
YLR231C,,,
YLR233C,,,
YLR234W,0.060,0.807,0.075 
YLR237W,,,
YLR238W,0.115,0.621,0.185 
YLR239C,0.097,0.912,0.106 
YLR240W,0.038,0.770,0.049 
YLR242C,,,
YLR243W,,,
YLR244C,0.043,0.653,0.066 
YLR245C,,,
YLR248W,0.079,0.665,0.119 
YLR249W,0.026,0.203,0.126 
YLR250W,0.069,0.620,0.111 
YLR251W,0.060,0.571,0.105 
YLR253W,0.056,0.847,0.066 
YLR254C,0.108,0.935,0.116 
YLR258W,0.021,0.649,0.033 
YLR259C,0.009,0.521,0.018 
YLR260W,0.095,0.843,0.113 
YLR262C,0.022,0.603,0.037 
YLR264W,0.006,0.164,0.038 
YLR265C,,,
YLR266C,0.215,0.785,0.273 
YLR267W,,,
YLR268W,0.018,0.817,0.023 
YLR270W,0.011,0.703,0.015 
YLR271W,0.328,0.832,0.395 
YLR272C,0.059,0.652,0.091 
YLR276C,,,
YLR277C,0.065,0.692,0.094 
YLR278C,,,
YLR281C,0.096,0.706,0.136 
YLR283W,0.150,0.958,0.157 
YLR284C,,,
YLR285W,0.063,0.648,0.098 
YLR286C,,,
YLR287C,,,
YLR288C,0.057,0.929,0.062 
YLR289W,,,
YLR290C,0.106,0.734,0.145 
YLR291C,0.019,0.616,0.032 
YLR292C,0.048,0.650,0.073 
YLR293C,,0.221, 
YLR295C,0.079,0.634,0.124 
YLR298C,0.106,0.849,0.124 
YLR299W,0.119,0.994,0.120 
YLR300W,0.051,0.480,0.107 
YLR301W,0.089,0.848,0.105 
YLR303W,0.009,0.406,0.022 
YLR304C,0.020,0.446,0.046 
YLR305C,,,
YLR307W,,,
YLR308W,0.133,0.727,0.183 
YLR309C,,,
YLR310C,,,
YLR312C,0.179,0.699,0.256 
YLR314C,,,
YLR316C,,,
YLR319C,,,
YLR320W,0.214,0.715,0.300 
YLR321C,0.055,0.679,0.081 
YLR323C,,,
YLR324W,,,
YLR325C,0.007,0.034,0.207 
YLR326W,,,
YLR327C,0.073,0.835,0.087 
YLR328W,,,
YLR329W,0.167,0.924,0.181 
YLR330W,0.228,0.749,0.305 
YLR332W,0.188,1.081,0.174 
YLR333C,0.005,0.294,0.017 
YLR336C,0.151,0.728,0.207 
YLR340W,0.035,0.243,0.145 
YLR343W,0.158,0.813,0.194 
YLR345W,0.068,0.675,0.100 
YLR346C,0.204,0.900,0.226 
YLR347C,0.022,0.711,0.031 
YLR348C,0.043,0.755,0.057 
YLR350W,0.054,0.743,0.073 
YLR351C,,,
YLR352W,0.066,0.789,0.084 
YLR353W,0.202,0.744,0.272 
YLR354C,0.038,0.454,0.083 
YLR355C,0.015,0.151,0.100 
YLR356W,,,
YLR357W,,,
YLR359W,0.016,0.558,0.029 
YLR360W,0.190,0.828,0.230 
YLR361C,0.198,0.800,0.248 
YLR362W,,,
YLR363C,0.042,0.679,0.062 
YLR364W,0.060,0.609,0.099 
YLR368W,,,
YLR369W,,,
YLR370C,0.043,0.863,0.049 
YLR371W,0.051,0.634,0.081 
YLR372W,0.057,0.546,0.104 
YLR373C,0.096,0.855,0.112 
YLR375W,0.044,0.698,0.063 
YLR376C,,,
YLR377C,,,
YLR378C,,,
YLR380W,0.076,0.767,0.099 
YLR381W,,,
YLR382C,0.089,0.781,0.114 
YLR383W,0.061,0.725,0.085 
YLR385C,0.179,0.798,0.224 
YLR386W,0.039,0.817,0.047 
YLR387C,0.089,0.697,0.127 
YLR388W,0.037,0.106,0.346 
YLR392C,0.100,0.726,0.137 
YLR393W,,,
YLR395C,,,
YLR396C,0.098,0.762,0.128 
YLR397C,0.061,0.817,0.075 
YLR398C,0.053,0.731,0.072 
YLR399C,0.080,0.962,0.083 
YLR403W,0.082,0.757,0.109 
YLR404W,0.136,0.900,0.151 
YLR409C,0.051,0.638,0.080 
YLR410W,0.049,0.781,0.062 
YLR411W,,,
YLR412W,0.162,0.951,0.170 
YLR413W,0.139,0.854,0.163 
YLR414C,0.113,0.770,0.146 
YLR417W,,,
YLR419W,0.098,0.746,0.132 
YLR420W,,,
YLR423C,,,
YLR425W,,,
YLR427W,0.099,0.682,0.145 
YLR429W,,,
YLR431C,0.141,0.851,0.166 
YLR432W,0.032,0.471,0.068 
YLR436C,,,
YLR437C,,,
YLR438W,0.023,0.634,0.036 
YLR439W,0.093,0.669,0.139 
YLR440C,0.176,0.858,0.205 
YLR441C,0.005,0.139,0.038 
YLR442C,,,
YLR443W,,,
YLR445W,,,
YLR446W,,,
YLR447C,,,
YLR449W,0.090,0.650,0.138 
YLR451W,0.074,0.632,0.117 
YLR452C,0.118,0.844,0.140 
YLR453C,,,
YLR455W,0.103,0.641,0.161 
YLR456W,,,
YLR457C,0.122,0.668,0.183 
YLR459W,0.068,0.662,0.103 
YML001W,0.005,0.491,0.011 
YML002W,,,
YML004C,0.060,0.748,0.081 
YML005W,,,
YML006C,0.133,0.730,0.182 
YML007W,,,
YML008C,0.037,0.571,0.065 
YML009C,0.023,0.450,0.052 
YML010W,,,
YML012W,0.045,0.476,0.095 
YML013W,,,
YML014W,0.093,0.915,0.102 
YML015C,0.065,0.826,0.079 
YML017W,0.112,0.751,0.149 
YML018C,0.078,0.703,0.111 
YML019W,0.134,0.665,0.201 
YML020W,0.105,0.781,0.134 
YML021C,,,
YML022W,0.063,0.669,0.094 
YML023C,,,
YML027W,,,
YML028W,,,
YML029W,,,
YML030W,0.036,0.618,0.059 
YML031W,,,
YML035C,,,
YML037C,,,
YML038C,,,
YML041C,0.061,0.793,0.077 
YML042W,0.072,0.696,0.104 
YML043C,0.138,0.574,0.241 
YML046W,,,
YML047C,0.117,0.675,0.174 
YML048W,0.073,0.812,0.090 
YML050W,,,
YML051W,,,
YML052W,,,
YML053C,0.194,0.681,0.284 
YML054C,0.062,0.796,0.078 
YML055W,,,
YML058W,,,
YML060W,,,
YML061C,0.072,0.708,0.102 
YML062C,0.135,0.636,0.212 
YML063W,0.009,0.099,0.095 
YML064C,0.034,0.765,0.044 
YML065W,0.098,0.797,0.123 
YML066C,0.083,0.797,0.104 
YML068W,0.157,0.694,0.225 
YML069W,0.024,0.691,0.035 
YML070W,0.036,0.773,0.046 
YML071C,,,
YML072C,,,
YML074C,0.051,0.558,0.091 
YML075C,0.055,0.575,0.096 
YML076C,0.138,0.797,0.173 
YML077W,0.020,0.618,0.032 
YML078W,0.018,0.633,0.029 
YML079W,0.080,0.582,0.138 
YML081W,0.105,0.846,0.124 
YML082W,0.056,0.890,0.063 
YML083C,0.160,0.913,0.175 
YML086C,0.036,0.681,0.052 
YML087C,0.075,0.836,0.090 
YML088W,0.105,0.732,0.144 
YML091C,0.092,0.715,0.129 
YML092C,0.005,0.526,0.010 
YML093W,0.082,0.700,0.117 
YML095C,0.117,0.724,0.162 
YML096W,,,
YML097C,0.123,0.887,0.138 
YML098W,0.071,0.810,0.088 
YML099C,0.101,0.774,0.130 
YML100W,,,
YML101C,0.197,1.019,0.193 
YML102W,,,
YML103C,,,
YML105C,,,
YML106W,0.012,0.410,0.030 
YML108W,0.051,0.534,0.096 
YML109W,0.165,0.768,0.215 
YML110C,0.052,0.635,0.081 
YML111W,0.063,0.611,0.104 
YML112W,0.100,0.751,0.134 
YML113W,0.122,0.555,0.220 
YML114C,0.139,0.777,0.179 
YML115C,,,
YML116W,,,
YML117W,0.125,0.764,0.163 
YML118W,0.170,0.859,0.198 
YML119W,0.186,0.816,0.227 
YML120C,0.028,0.868,0.032 
YML121W,0.018,0.863,0.021 
YML123C,,,
YML125C,0.083,0.601,0.139 
YML127W,0.037,0.729,0.051 
YML128C,0.060,0.818,0.073 
YML129C,,0.771, 
YML130C,0.069,0.662,0.105 
YML131W,0.113,0.693,0.163 
YMR001C,0.019,0.537,0.035 
YMR002W,0.046,0.565,0.081 
YMR003W,,,
YMR004W,0.107,0.619,0.172 
YMR005W,0.102,0.776,0.132 
YMR006C,0.063,0.627,0.101 
YMR008C,0.061,0.684,0.089 
YMR009W,0.096,0.837,0.114 
YMR010W,0.040,0.718,0.056 
YMR011W,0.039,0.536,0.072 
YMR012W,0.067,0.668,0.100 
YMR013C,0.153,0.550,0.278 
YMR014W,0.162,0.709,0.229 
YMR015C,0.032,0.470,0.067 
YMR016C,,,
YMR017W,0.215,0.843,0.255 
YMR018W,0.259,0.653,0.397 
YMR020W,0.121,0.835,0.145 
YMR021C,0.090,0.796,0.113 
YMR022W,0.009,0.957,0.009 
YMR023C,0.155,0.878,0.177 
YMR025W,,,
YMR026C,0.157,0.703,0.224 
YMR028W,,,
YMR029C,0.193,0.681,0.283 
YMR030W,0.195,0.816,0.239 
YMR031C,,,
YMR032W,0.111,0.876,0.126 
YMR034C,0.071,0.771,0.093 
YMR035W,,,
YMR036C,,,
YMR037C,,,
YMR038C,0.050,0.964,0.052 
YMR039C,0.070,0.709,0.098 
YMR040W,,,
YMR042W,,,
YMR043W,0.042,0.918,0.046 
YMR044W,0.148,0.775,0.190 
YMR047C,,,
YMR048W,0.218,0.677,0.322 
YMR052W,0.146,0.784,0.187 
YMR053C,,,
YMR054W,0.063,0.700,0.090 
YMR055C,0.020,1.139,0.017 
YMR056C,,,
YMR058W,,,
YMR059W,,,
YMR060C,0.152,0.682,0.223 
YMR061W,0.054,0.524,0.102 
YMR062C,0.066,1.018,0.065 
YMR063W,0.076,0.743,0.103 
YMR066W,0.181,0.841,0.216 
YMR067C,,,
YMR069W,,,
YMR070W,,,
YMR072W,0.109,0.692,0.157 
YMR073C,,,
YMR074C,,,
YMR075W,,,
YMR076C,,,
YMR077C,,,
YMR078C,,,
YMR080C,,,
YMR081C,,,
YMR083W,0.018,0.553,0.033 
YMR086W,,,
YMR087W,,,
YMR088C,,,
YMR089C,,,
YMR090W,,,
YMR091C,,,
YMR092C,,,
YMR093W,0.023,0.651,0.035 
YMR094W,,,
YMR095C,,,
YMR096W,0.060,0.790,0.076 
YMR097C,,,
YMR098C,,,
YMR099C,0.045,0.595,0.076 
YMR100W,0.098,0.691,0.142 
YMR101C,0.101,0.805,0.125 
YMR102C,0.087,0.816,0.107 
YMR104C,,,
YMR105C,,,
YMR107W,0.116,1.121,0.104 
YMR108W,0.034,0.544,0.062 
YMR110C,,,
YMR111C,,,
YMR112C,,,
YMR113W,,,
YMR114C,,,
YMR115W,,,
YMR117C,0.100,0.943,0.106 
YMR118C,0.182,0.890,0.204 
YMR119W,,,
YMR121C,,,
YMR123W,,,
YMR124W,,,
YMR127C,0.084,0.552,0.152 
YMR128W,0.088,0.689,0.128 
YMR131C,0.033,0.641,0.052 
YMR132C,0.109,0.743,0.146 
YMR135C,,,
YMR136W,0.173,0.968,0.178 
YMR137C,0.165,0.754,0.219 
YMR138W,0.120,0.888,0.135 
YMR139W,,,
YMR140W,0.110,0.744,0.148 
YMR144W,0.124,0.636,0.195 
YMR145C,0.052,0.653,0.080 
YMR146C,0.024,0.533,0.045 
YMR148W,0.071,0.648,0.109 
YMR149W,,,
YMR150C,0.050,0.922,0.054 
YMR152W,0.126,0.831,0.152 
YMR153W,,,
YMR156C,,,
YMR157C,0.177,0.727,0.243 
YMR158W,0.036,0.829,0.043 
YMR160W,0.117,0.694,0.169 
YMR161W,0.041,0.516,0.079 
YMR164C,,,
YMR165C,,,
YMR166C,,,
YMR167W,,,
YMR168C,0.118,0.797,0.148 
YMR169C,0.076,0.838,0.090 
YMR171C,,,
YMR173W,,,
YMR174C,,,
YMR175W,,,
YMR176W,0.209,0.711,0.294 
YMR177W,,,
YMR178W,0.068,0.884,0.077 
YMR179W,,,
YMR180C,0.329,0.763,0.431 
YMR181C,0.057,0.716,0.079 
YMR182C,0.149,0.763,0.195 
YMR183C,,,
YMR184W,,,
YMR186W,,,
YMR187C,,,
YMR188C,0.081,0.786,0.104 
YMR189W,,,
YMR190C,,,
YMR192W,0.241,0.749,0.322 
YMR193W,,,
YMR195W,,,
YMR196W,0.031,0.766,0.041 
YMR197C,,,
YMR198W,0.177,0.762,0.232 
YMR199W,0.054,0.522,0.104 
YMR200W,0.065,0.659,0.099 
YMR202W,,,
YMR203W,,,
YMR204C,0.181,0.834,0.217 
YMR205C,0.014,0.359,0.038 
YMR206W,,,
YMR208W,0.080,0.756,0.105 
YMR210W,,,
YMR211W,0.137,0.709,0.193 
YMR212C,0.071,0.571,0.125 
YMR213W,0.168,1.321,0.127 
YMR215W,0.085,0.767,0.111 
YMR216C,0.083,0.678,0.122 
YMR217W,0.014,0.409,0.033 
YMR218C,,,
YMR220W,0.105,0.616,0.171 
YMR221C,,,
YMR222C,0.078,0.765,0.102 
YMR223W,0.059,0.667,0.089 
YMR224C,,,
YMR227C,,,
YMR228W,,,
YMR229C,,,
YMR231W,,,
YMR232W,0.123,0.722,0.171 
YMR233W,0.129,0.786,0.165 
YMR234W,0.145,0.888,0.163 
YMR235C,,,
YMR236W,0.058,1.369,0.042 
YMR237W,,,
YMR238W,0.054,0.728,0.074 
YMR239C,0.084,0.674,0.125 
YMR240C,0.186,0.894,0.208 
YMR241W,0.033,0.526,0.062 
YMR243C,0.042,0.593,0.070 
YMR244W,,,
YMR246W,,,
YMR247C,,,
YMR250W,,,
YMR252C,0.105,0.741,0.142 
YMR253C,,,
YMR255W,,,
YMR256C,0.018,0.572,0.031 
YMR257C,0.157,0.677,0.232 
YMR258C,0.123,0.662,0.185 
YMR259C,,,
YMR260C,0.015,0.279,0.054 
YMR261C,0.049,0.687,0.071 
YMR262W,,,
YMR263W,0.125,0.629,0.199 
YMR264W,0.068,0.675,0.101 
YMR266W,,,
YMR267W,,,
YMR270C,,,
YMR271C,0.069,0.687,0.101 
YMR272C,0.038,0.760,0.050 
YMR273C,0.195,0.803,0.243 
YMR274C,0.060,0.689,0.087 
YMR275C,0.091,0.699,0.130 
YMR276W,0.068,0.808,0.084 
YMR277W,0.056,0.674,0.083 
YMR278W,,,
YMR279C,,,
YMR280C,,,
YMR281W,,,
YMR282C,,,
YMR284W,0.130,0.774,0.168 
YMR285C,0.086,0.721,0.120 
YMR286W,0.075,0.553,0.135 
YMR287C,,,
YMR288W,0.078,0.667,0.117 
YMR290C,0.030,0.490,0.061 
YMR291W,0.044,0.803,0.055 
YMR293C,0.106,0.798,0.133 
YMR294W,,,
YMR295C,0.044,0.505,0.087 
YMR296C,,,
YMR297W,0.029,0.718,0.041 
YMR298W,0.040,0.630,0.064 
YMR299C,,,
YMR300C,0.019,0.569,0.034 
YMR301C,0.062,0.827,0.074 
YMR302C,,,
YMR303C,,,
YMR307W,0.083,0.622,0.133 
YMR308C,0.025,0.622,0.040 
YMR309C,,,
YMR310C,0.082,0.719,0.115 
YMR311C,0.087,0.947,0.092 
YMR312W,0.104,0.761,0.136 
YMR313C,,,
YMR314W,0.013,0.500,0.026 
YMR315W,,,
YMR316W,,,
YMR317W,,,
YMR318C,,,
YMR319C,0.116,0.788,0.147 
YMR325W,,,
YNL145W,,,
YNL146W,0.250,1.240,0.201 
YNL148C,0.187,1.012,0.185 
YNL149C,0.161,0.799,0.202 
YNL151C,0.079,0.741,0.106 
YNL152W,,,
YNL153C,0.066,0.701,0.094 
YNL154C,,,
YNL155W,,,
YNL156C,0.075,0.748,0.100 
YNL157W,0.076,0.619,0.122 
YNL158W,,,
YNL159C,0.125,0.794,0.157 
YNL160W,0.103,0.550,0.188 
YNL161W,0.040,0.735,0.054 
YNL163C,,,
YNL164C,0.094,0.675,0.139 
YNL165W,0.117,0.809,0.145 
YNL166C,0.273,0.837,0.327 
YNL167C,0.145,0.692,0.210 
YNL168C,0.066,0.978,0.068 
YNL169C,0.049,0.616,0.080 
YNL173C,0.270,1.020,0.265 
YNL175C,0.084,0.753,0.111 
YNL176C,0.302,0.873,0.346 
YNL177C,,,
YNL178W,,,
YNL180C,0.131,0.736,0.178 
YNL181W,,,
YNL182C,0.104,0.727,0.142 
YNL183C,,,
YNL185C,0.052,0.775,0.067 
YNL186W,0.144,0.744,0.193 
YNL187W,0.234,1.125,0.208 
YNL188W,,,
YNL189W,0.011,0.467,0.024 
YNL190W,0.045,0.536,0.084 
YNL191W,0.027,0.756,0.036 
YNL192W,,,
YNL193W,,,
YNL194C,,,
YNL197C,0.081,0.689,0.118 
YNL199C,0.069,0.690,0.101 
YNL200C,0.036,0.843,0.043 
YNL201C,0.090,0.715,0.126 
YNL202W,,,
YNL204C,0.152,0.663,0.229 
YNL206C,0.114,0.856,0.133 
YNL207W,0.061,0.712,0.086 
YNL209W,,,
YNL210W,,,
YNL212W,0.080,0.699,0.114 
YNL213C,0.151,0.506,0.298 
YNL214W,,,
YNL215W,0.139,0.810,0.172 
YNL216W,,,
YNL217W,0.118,0.953,0.124 
YNL218W,,,
YNL219C,0.064,0.712,0.089 
YNL220W,0.022,0.479,0.047 
YNL221C,0.139,0.794,0.175 
YNL222W,,,
YNL224C,0.186,0.769,0.241 
YNL225C,,,
YNL227C,,,
YNL230C,0.149,0.795,0.188 
YNL232W,0.095,0.731,0.131 
YNL233W,0.212,0.825,0.257 
YNL234W,0.206,0.855,0.241 
YNL236W,,,
YNL237W,0.096,0.976,0.099 
YNL240C,,,
YNL241C,,,
YNL242W,,,
YNL243W,,,
YNL244C,0.012,0.690,0.017 
YNL245C,0.142,0.905,0.157 
YNL247W,,,
YNL248C,0.040,0.651,0.061 
YNL250W,,,
YNL251C,,,
YNL252C,0.138,0.648,0.213 
YNL253W,0.118,0.752,0.157 
YNL255C,0.022,0.443,0.050 
YNL257C,0.106,0.819,0.130 
YNL258C,,,
YNL259C,0.077,1.006,0.076 
YNL261W,0.070,0.722,0.097 
YNL263C,0.042,0.807,0.051 
YNL264C,,,
YNL267W,,,
YNL268W,0.065,0.675,0.097 
YNL270C,,,
YNL272C,,,
YNL273W,,,
YNL274C,0.057,0.838,0.068 
YNL275W,,,
YNL277W,0.042,0.855,0.049 
YNL278W,,,
YNL279W,,,
YNL280C,,,
YNL281W,0.038,0.392,0.096 
YNL282W,,,
YNL283C,,,
YNL286W,,,
YNL288W,0.055,0.733,0.075 
YNL289W,0.064,0.657,0.097 
YNL290W,,,
YNL291C,0.086,0.884,0.098 
YNL292W,0.073,0.678,0.108 
YNL293W,0.084,0.898,0.094 
YNL294C,,,
YNL295W,0.110,0.797,0.138 
YNL297C,,,
YNL298W,,,
YNL300W,0.096,0.952,0.101 
YNL304W,0.097,0.792,0.123 
YNL305C,0.032,0.641,0.050 
YNL306W,0.086,0.828,0.103 
YNL307C,,,
YNL308C,0.087,0.821,0.106 
YNL311C,0.103,0.807,0.127 
YNL313C,0.096,0.773,0.124 
YNL314W,0.108,0.773,0.140 
YNL315C,0.097,0.716,0.135 
YNL317W,0.027,0.724,0.037 
YNL318C,0.080,0.922,0.087 
YNL320W,0.056,0.725,0.077 
YNL321W,0.057,0.835,0.069 
YNL322C,0.142,0.922,0.154 
YNL323W,0.056,0.699,0.081 
YNL325C,0.058,0.767,0.075 
YNL326C,,,
YNL327W,0.367,1.080,0.340 
YNL328C,,,
YNL329C,0.120,0.867,0.138 
YNL330C,0.018,0.603,0.030 
YNL331C,,,
YNL332W,,,
YNL333W,,,
YNL334C,,,
YNL335W,,,